Accession,Residue,BepiPred-3.0 score,BepiPred-3.0 linear epitope score
7lj4_B,R,0.06925905495882034, 0.033163590149747
7lj4_B,S,0.053372807800769806, 0.03671909992893537
7lj4_B,T,0.05530942231416702, 0.040757308817572065
7lj4_B,T,0.07548773288726807, 0.04728094446990225
7lj4_B,L,0.04504329338669777, 0.05026307867632972
7lj4_B,L,0.03199958801269531, 0.044669404418932065
7lj4_B,A,0.036343879997730255, 0.040809457293815084
7lj4_B,L,0.05871272087097168, 0.03996402997937468
7lj4_B,L,0.026839207857847214, 0.03557624150481489
7lj4_B,A,0.018915986642241478, 0.033404294608367816
7lj4_B,L,0.01863328367471695, 0.033575938600632876
7lj4_B,V,0.04770057648420334, 0.03340157183508078
7lj4_B,L,0.03599763661623001, 0.029612875853975613
7lj4_B,L,0.025495771318674088, 0.029767814195818372
7lj4_B,Y,0.0335443839430809, 0.03302200614578194
7lj4_B,L,0.03477457910776138, 0.0333879558990399
7lj4_B,V,0.024614457041025162, 0.0326001840747065
7lj4_B,S,0.02823365293443203, 0.03048765928381019
7lj4_B,G,0.048203714191913605, 0.031529979366395205
7lj4_B,A,0.02192683145403862, 0.04237994282609887
7lj4_B,L,0.04061063006520271, 0.04759350646701124
7lj4_B,V,0.016984913498163223, 0.05002276040613651
7lj4_B,F,0.03487665206193924, 0.05616456394394239
7lj4_B,R,0.13119405508041382, 0.06804797094729212
7lj4_B,A,0.08169665187597275, 0.07567143688599269
7lj4_B,L,0.04647774249315262, 0.08853435888886452
7lj4_B,E,0.0835098847746849, 0.09615769320064121
7lj4_B,Q,0.15515437722206116, 0.11380877842505772
7lj4_B,P,0.09053802490234375, 0.11890854024224812
7lj4_B,H,0.1563769280910492, 0.12141180286804835
7lj4_B,E,0.08559492230415344, 0.1363507542345259
7lj4_B,Q,0.19373641908168793, 0.15072177930010688
7lj4_B,Q,0.17709191143512726, 0.15190234863095814
7lj4_B,A,0.1042260155081749, 0.1501957575480143
7lj4_B,Q,0.1809283047914505, 0.15358909302287632
7lj4_B,R,0.21284911036491394, 0.16440611746576098
7lj4_B,E,0.1657795011997223, 0.15164091686407724
7lj4_B,L,0.07517870515584946, 0.14788610405392116
7lj4_B,G,0.18691694736480713, 0.16111622171269524
7lj4_B,E,0.18294814229011536, 0.15646672497193018
7lj4_B,V,0.07884961366653442, 0.14075537274281183
7lj4_B,R,0.14329859614372253, 0.12998447401656044
7lj4_B,E,0.22329707443714142, 0.15220259295569527
7lj4_B,K,0.13908283412456512, 0.14429987801445854
7lj4_B,F,0.07144694030284882, 0.14378269844584995
7lj4_B,L,0.06884141266345978, 0.15367368857065836
7lj4_B,R,0.27514177560806274, 0.15178759396076202
7lj4_B,A,0.11579251289367676, 0.1326277930703428
7lj4_B,H,0.17829352617263794, 0.1282360963523388
7lj4_B,P,0.16786852478981018, 0.14753305042783418
7lj4_B,C,0.12632374465465546, 0.16801071456736988
7lj4_B,V,0.050858866423368454, 0.1486622802913189
7lj4_B,S,0.09955756366252899, 0.14424166041943762
7lj4_B,D,0.24511952698230743, 0.13713007792830467
7lj4_B,Q,0.253140389919281, 0.13779843474427858
7lj4_B,E,0.10100586712360382, 0.1288026658197244
7lj4_B,L,0.0760069340467453, 0.1292629341284434
7lj4_B,G,0.1142892837524414, 0.13698928389284346
7lj4_B,L,0.17388373613357544, 0.12753604849179587
7lj4_B,L,0.045361824333667755, 0.10301707022719914
7lj4_B,I,0.05500128120183945, 0.09990249905321333
7lj4_B,K,0.16909471154212952, 0.11050171818998125
7lj4_B,E,0.16004040837287903, 0.10570928785536024
7lj4_B,V,0.03246958553791046, 0.10824640260802375
7lj4_B,A,0.07297472655773163, 0.12617102182573742
7lj4_B,D,0.17139990627765656, 0.137505195207066
7lj4_B,A,0.07115741074085236, 0.13146555506520802
7lj4_B,L,0.196717768907547, 0.1266699590616756
7lj4_B,G,0.20668339729309082, 0.14507358190086153
7lj4_B,G,0.1570088416337967, 0.15416759666469362
7lj4_B,G,0.11473795026540756, 0.1583511092596584
7lj4_B,A,0.11688004434108734, 0.16568428526322046
7lj4_B,D,0.1981021910905838, 0.15841824561357498
7lj4_B,P,0.15482085943222046, 0.14695866157611212
7lj4_B,E,0.20905151963233948, 0.14750097112523186
7lj4_B,T,0.13715599477291107, 0.15221046076880562
7lj4_B,Q,0.1313234120607376, 0.15875180893474156
7lj4_B,S,0.10354714095592499, 0.14885554876592424
7lj4_B,T,0.16188962757587433, 0.14089348829454845
7lj4_B,S,0.1571233570575714, 0.12919773078627056
7lj4_B,H,0.1757521778345108, 0.12718451685375637
7lj4_B,S,0.10903584957122803, 0.11643882675303353
7lj4_B,A,0.08316231518983841, 0.11368661208285226
7lj4_B,W,0.10378970205783844, 0.10396206047799852
7lj4_B,D,0.11903706938028336, 0.08812174366580115
7lj4_B,L,0.034612201154232025, 0.07143554753727382
7lj4_B,G,0.07877720892429352, 0.06724760019116932
7lj4_B,S,0.0743686631321907, 0.06111508669952551
7lj4_B,A,0.014560505747795105, 0.051988464469710984
7lj4_B,F,0.025576412677764893, 0.04370181655718221
7lj4_B,F,0.07134432345628738, 0.04736533657544189
7lj4_B,F,0.027969693765044212, 0.042022598493430346
7lj4_B,S,0.021650101989507675, 0.03688735452791055
7lj4_B,G,0.04445723816752434, 0.04039707055522336
7lj4_B,T,0.06758388131856918, 0.048362752008769244
7lj4_B,I,0.03069256618618965, 0.04810340806014008
7lj4_B,I,0.028151467442512512, 0.056355510734849505
7lj4_B,T,0.04614794999361038, 0.06532054477267796
7lj4_B,T,0.09726754575967789, 0.06700093837247954
7lj4_B,I,0.06901022791862488, 0.07372904030813111
7lj4_B,G,0.10223861783742905, 0.07732050783104366
7lj4_B,Y,0.10233540832996368, 0.08366558535231484
7lj4_B,G,0.05958078056573868, 0.08186125589741601
7lj4_B,N,0.1281367987394333, 0.08204087201091978
7lj4_B,V,0.06301577389240265, 0.08256787972317801
7lj4_B,A,0.0852571651339531, 0.08200754556390974
7lj4_B,L,0.029908984899520874, 0.07462355742851894
7lj4_B,R,0.09888409078121185, 0.07178872616754638
7lj4_B,T,0.07375329732894897, 0.07264160075121456
7lj4_B,D,0.09719561040401459, 0.06804066047900253
7lj4_B,A,0.03587951511144638, 0.059520088136196136
7lj4_B,G,0.0340672992169857, 0.0585654481417603
7lj4_B,R,0.1358126699924469, 0.050443948763940066
7lj4_B,L,0.021607311442494392, 0.04361740251382192
7lj4_B,F,0.008572014048695564, 0.03731294431620174
7lj4_B,C,0.021317224949598312, 0.039719039781226054
7lj4_B,I,0.02579059638082981, 0.038495868858363896
7lj4_B,F,0.012314381077885628, 0.025107550227807626
7lj4_B,Y,0.04045548662543297, 0.0249309286268221
7lj4_B,A,0.05753437429666519, 0.027346468944516446
7lj4_B,L,0.023058760911226273, 0.032867072253591485
7lj4_B,V,0.01531780231744051, 0.03130053501162264
7lj4_B,G,0.02001771703362465, 0.03359737164444394
7lj4_B,I,0.03031187690794468, 0.03416737044850985
7lj4_B,P,0.07100265473127365, 0.03785595504773988
7lj4_B,L,0.011691761203110218, 0.03999380022287369
7lj4_B,F,0.03298591077327728, 0.04091296914137072
7lj4_B,G,0.045585475862026215, 0.045692888709406056
7lj4_B,D,0.09073163568973541, 0.0510003874078393
7lj4_B,I,0.04229936748743057, 0.047925086174574166
7lj4_B,L,0.023590322583913803, 0.05041118421488338
7lj4_B,L,0.06303699314594269, 0.05361729322208299
7lj4_B,A,0.07807936519384384, 0.05964714661240578
7lj4_B,G,0.043324943631887436, 0.06185922730300161
7lj4_B,V,0.03406664356589317, 0.0605628906438748
7lj4_B,G,0.06184089183807373, 0.06443050524426831
7lj4_B,D,0.09985415637493134, 0.06591130648222235
7lj4_B,R,0.11064036190509796, 0.06462601096265846
7lj4_B,L,0.03063233755528927, 0.06419316451582643
7lj4_B,G,0.05839885398745537, 0.08007074954609077
7lj4_B,S,0.07636420428752899, 0.0895091417349047
7lj4_B,S,0.06651170551776886, 0.08383795929451783
7lj4_B,L,0.039429325610399246, 0.0785320962054862
7lj4_B,R,0.1769649088382721, 0.08887210902240542
7lj4_B,H,0.1467864215373993, 0.10116568994190958
7lj4_B,G,0.04881351441144943, 0.09610952457620038
7lj4_B,I,0.06288759410381317, 0.10149312040044202
7lj4_B,G,0.12369245290756226, 0.1225592243588633
7lj4_B,H,0.16904108226299286, 0.11452584361864461
7lj4_B,I,0.030858715996146202, 0.10443461914029387
7lj4_B,E,0.1149640679359436, 0.12288494470218818
7lj4_B,A,0.2290242612361908, 0.1478518353154262
7lj4_B,I,0.10466448217630386, 0.15355034896896946
7lj4_B,F,0.055965401232242584, 0.16243870287305778
7lj4_B,L,0.21486644446849823, 0.17092087037033504
7lj4_B,K,0.2875896096229553, 0.17729385362731087
7lj4_B,W,0.1749790757894516, 0.17298993137147692
7lj4_B,H,0.2490362673997879, 0.18299618280596203
7lj4_B,V,0.10719822347164154, 0.19133142133553824
7lj4_B,P,0.1723209172487259, 0.1709084069977204
7lj4_B,P,0.1902889609336853, 0.16065768462916216
7lj4_B,E,0.19472074508666992, 0.15538272985981572
7lj4_B,L,0.13098254799842834, 0.13210292346775532
7lj4_B,V,0.03105931542813778, 0.12615297962394026
7lj4_B,R,0.1953331083059311, 0.11563797274397479
7lj4_B,V,0.12750448286533356, 0.10051850291589896
7lj4_B,L,0.03951800987124443, 0.0804529974444045
7lj4_B,S,0.053648728877305984, 0.07006855122745037
7lj4_B,A,0.07768585532903671, 0.07346852123737335
7lj4_B,E,0.05421373248100281, 0.05621795728802681
7lj4_B,M,0.014131195843219757, 0.043856892734766006
7lj4_B,L,0.03752253204584122, 0.04239782732394007
7lj4_B,F,0.06165904551744461, 0.041134323510858745
7lj4_B,L,0.04007803276181221, 0.03627116150326199
7lj4_B,L,0.016254901885986328, 0.03276187781658438
7lj4_B,I,0.02638642117381096, 0.034558230804072484
7lj4_B,G,0.04227719455957413, 0.03826424479484558
7lj4_B,C,0.033917397260665894, 0.036098283612065844
7lj4_B,L,0.022630179300904274, 0.03512361687090662
7lj4_B,L,0.030298372730612755, 0.03715008869767189
7lj4_B,F,0.07087665796279907, 0.04413048840231366
7lj4_B,V,0.04216539487242699, 0.04251347647772895
7lj4_B,L,0.031306032091379166, 0.043126805788940854
7lj4_B,T,0.03449314832687378, 0.04198242796378003
7lj4_B,P,0.08921001851558685, 0.04035939907448159
7lj4_B,T,0.027724087238311768, 0.03682789672166109
7lj4_B,F,0.03943736106157303, 0.04203225185887681
7lj4_B,V,0.012330778874456882, 0.04631123081263569
7lj4_B,F,0.015691112726926804, 0.05081878985381789
7lj4_B,C,0.03909313678741455, 0.05218442415611611
7lj4_B,Y,0.08900459110736847, 0.06393647494001521
7lj4_B,M,0.06981684267520905, 0.06740540483345588
7lj4_B,E,0.07506117969751358, 0.07647374230954382
7lj4_B,D,0.1015007272362709, 0.08520135531822841
7lj4_B,W,0.13349254429340363, 0.09215789536635081
7lj4_B,S,0.07065773010253906, 0.08427936625149515
7lj4_B,K,0.09394581615924835, 0.07963865395221445
7lj4_B,L,0.09423962980508804, 0.08346708015435272
7lj4_B,E,0.1017019972205162, 0.07524452379180326
7lj4_B,A,0.018097829073667526, 0.0622875320000781
7lj4_B,I,0.028050431981682777, 0.06110371338824431
7lj4_B,Y,0.10951701551675797, 0.054947064361638494
7lj4_B,F,0.02749771997332573, 0.05169684957298967
7lj4_B,V,0.016879618167877197, 0.04328844468626711
7lj4_B,I,0.060003362596035004, 0.046331927387250796
7lj4_B,V,0.03853597491979599, 0.0511693482597669
7lj4_B,T,0.06498769670724869, 0.045149027473396726
7lj4_B,L,0.026026353240013123, 0.05448514430059327
7lj4_B,T,0.045489173382520676, 0.057163594083653554
7lj4_B,T,0.0715872198343277, 0.05874105915427208
7lj4_B,V,0.05533412843942642, 0.07466471236613062
7lj4_B,G,0.11152277141809464, 0.07990846493177944
7lj4_B,F,0.04098566621541977, 0.08034464716911316
7lj4_B,G,0.07420054823160172, 0.08127330202195379
7lj4_B,D,0.18184885382652283, 0.07933160207337803
7lj4_B,Y,0.11218146979808807, 0.08384198902381791
7lj4_B,V,0.029951993376016617, 0.08417206216189596
7lj4_B,A,0.053847067058086395, 0.09510775200194782
7lj4_B,G,0.054111920297145844, 0.10484207876854473
7lj4_B,A,0.09592761099338531, 0.1001302802728282
7lj4_B,D,0.11449342966079712, 0.10841321821014087
7lj4_B,P,0.13940687477588654, 0.11722684154907863
7lj4_B,R,0.16180948913097382, 0.12444670001665752
7lj4_B,Q,0.13944266736507416, 0.1231536827981472
7lj4_B,D,0.18672791123390198, 0.11809442482060856
7lj4_B,S,0.10927460342645645, 0.1163720294005341
7lj4_B,P,0.11882579326629639, 0.10802259089218245
7lj4_B,A,0.042474765330553055, 0.09128705225884914
7lj4_B,Y,0.05039428919553757, 0.07935163109666771
7lj4_B,Q,0.09899187088012695, 0.06505783999131785
7lj4_B,P,0.06426192820072174, 0.054643715317878455
7lj4_B,L,0.011189641430974007, 0.04924061966853009
7lj4_B,V,0.032023876905441284, 0.05214093822158045
7lj4_B,W,0.05808379128575325, 0.050235210090047784
7lj4_B,F,0.01554748136550188, 0.041970784982873335
7lj4_B,W,0.0701979324221611, 0.0380505487943689
7lj4_B,I,0.06857763230800629, 0.0435125216220816
7lj4_B,L,0.033242736011743546, 0.05209570636765824
7lj4_B,L,0.024612044915556908, 0.04911964024520583
7lj4_B,G,0.028979802504181862, 0.05273983710341983
7lj4_B,L,0.06034739688038826, 0.052784350183275014
7lj4_B,P,0.1092725396156311, 0.05135716746250788
7lj4_B,A,0.03129919618368149, 0.053795954005585775
7lj4_B,Y,0.04812925308942795, 0.05541576093269719
7lj4_B,F,0.0705985501408577, 0.061530452221632004
7lj4_B,A,0.05573298782110214, 0.06413570874267155
7lj4_B,S,0.05519181489944458, 0.0603382032778528
7lj4_B,V,0.03919030725955963, 0.06289168447256088
7lj4_B,L,0.08401202410459518, 0.07218368682596418
7lj4_B,T,0.08379470556974411, 0.08069194936090046
7lj4_B,T,0.07509499043226242, 0.08370561235480839
7lj4_B,I,0.05428052693605423, 0.08667473660575019
7lj4_B,G,0.13175727427005768, 0.10125622981124455
7lj4_B,N,0.14717291295528412, 0.10922446101903915
7lj4_B,W,0.0828559547662735, 0.10896739777591494
7lj4_B,L,0.08191393315792084, 0.11158633646037844
7lj4_B,R,0.1704237461090088, 0.10555516680081685
7lj4_B,V,0.1557261049747467, 0.09091546965969934
7lj4_B,V,0.08148113638162613, 0.07456292377577887
7lj4_B,S,0.09866543859243393, 0.06535670657952626
4xak_A,G,0.08485744893550873, 0.06823152220911449
4xak_A,V,0.09906239807605743, 0.08258744329214096
4xak_A,E,0.18853996694087982, 0.10060967753330867
4xak_A,C,0.08887185901403427, 0.12016556080844668
4xak_A,D,0.15275202691555023, 0.13378082712491354
4xak_A,F,0.12920328974723816, 0.14033488929271698
4xak_A,S,0.16220010817050934, 0.14788034723864663
4xak_A,P,0.17600294947624207, 0.14765192402733696
4xak_A,L,0.12253739684820175, 0.16125949968894324
4xak_A,L,0.14384400844573975, 0.17080008238554
4xak_A,S,0.16697151958942413, 0.17943753550450006
4xak_A,G,0.18648415803909302, 0.18626288821299872
4xak_A,T,0.2113400399684906, 0.18264624724785486
4xak_A,P,0.23861727118492126, 0.19104346301820543
4xak_A,P,0.20694036781787872, 0.19668559233347574
4xak_A,Q,0.22362828254699707, 0.19566870232423147
4xak_A,V,0.1434531807899475, 0.1960633612341351
4xak_A,Y,0.1981123387813568, 0.19799807833300698
4xak_A,N,0.1946231722831726, 0.18117804163032108
4xak_A,F,0.15781950950622559, 0.17202237082852256
4xak_A,K,0.1900360882282257, 0.16366063058376312
4xak_A,R,0.2287524938583374, 0.16535482969548967
4xak_A,L,0.08723694086074829, 0.16483296619521248
4xak_A,V,0.1245393306016922, 0.15883610977066887
4xak_A,F,0.148372620344162, 0.1655561493502723
4xak_A,T,0.15870097279548645, 0.16281437708271873
4xak_A,N,0.193415567278862, 0.1545928054385715
4xak_A,C,0.14065146446228027, 0.15809748321771622
4xak_A,N,0.21829986572265625, 0.16224795165989134
4xak_A,Y,0.16536013782024384, 0.16416972296105492
4xak_A,N,0.15475834906101227, 0.15565352886915207
4xak_A,L,0.11877904087305069, 0.15043514221906662
4xak_A,T,0.1618935465812683, 0.15132786747482088
4xak_A,K,0.1656685620546341, 0.1419423297047615
4xak_A,L,0.0820552259683609, 0.1385263262523545
4xak_A,L,0.14645008742809296, 0.14131540805101395
4xak_A,S,0.1486859917640686, 0.145307719707489
4xak_A,L,0.1338300257921219, 0.14975407719612122
4xak_A,F,0.13461610674858093, 0.15184426142109764
4xak_A,S,0.17986008524894714, 0.16027763485908508
4xak_A,V,0.1547098457813263, 0.15910743508074018
4xak_A,N,0.20191076397895813, 0.1547326437301106
4xak_A,D,0.184480220079422, 0.15437568310234281
4xak_A,F,0.1579555869102478, 0.15828678260246912
4xak_A,T,0.1359182894229889, 0.151527791387505
4xak_A,C,0.10931286960840225, 0.14973895168966717
4xak_A,S,0.13061738014221191, 0.14342405647039413
4xak_A,Q,0.1698160022497177, 0.13873412956794104
4xak_A,I,0.11902916431427002, 0.13491854071617126
4xak_A,S,0.13861028850078583, 0.13254441403680378
4xak_A,P,0.1450767070055008, 0.1356952471865548
4xak_A,A,0.14227087795734406, 0.13798622290293375
4xak_A,A,0.12361528724431992, 0.1376153959168328
4xak_A,I,0.11455114930868149, 0.13570273419221243
4xak_A,A,0.1376703679561615, 0.13867597613069746
4xak_A,S,0.1512361615896225, 0.13698138627741072
4xak_A,N,0.16647855937480927, 0.13622277478377023
4xak_A,C,0.10181520879268646, 0.13268770691421297
4xak_A,Y,0.16536946594715118, 0.13588141236040327
4xak_A,S,0.1298253983259201, 0.13923957612779406
4xak_A,S,0.13544337451457977, 0.14306780364778307
4xak_A,L,0.09179967641830444, 0.14638115300072563
4xak_A,I,0.14329449832439423, 0.15848511457443237
4xak_A,L,0.16789384186267853, 0.16308552854590946
4xak_A,D,0.18569020926952362, 0.16895897852049935
4xak_A,Y,0.19629870355129242, 0.17249822782145607
4xak_A,F,0.21075086295604706, 0.17676391700903574
4xak_A,S,0.20677319169044495, 0.17727320392926535
4xak_A,Y,0.182686448097229, 0.17209941314326394
4xak_A,P,0.1672966182231903, 0.17533835603131187
4xak_A,L,0.1301908791065216, 0.16939769519699943
4xak_A,S,0.14787808060646057, 0.16748483975728354
4xak_A,M,0.12132972478866577, 0.160204087694486
4xak_A,K,0.21484069526195526, 0.1566502700249354
4xak_A,S,0.14283275604248047, 0.15163440091742408
4xak_A,D,0.19353516399860382, 0.15467135028706658
4xak_A,L,0.14124642312526703, 0.15575392295916876
4xak_A,S,0.1507020890712738, 0.1587903607222769
4xak_A,V,0.12215379625558853, 0.15563801676034927
4xak_A,S,0.15752342343330383, 0.1608652083410157
4xak_A,S,0.15762123465538025, 0.15584553198681939
4xak_A,A,0.1486576646566391, 0.15585298422310087
4xak_A,G,0.18646959960460663, 0.15863564362128577
4xak_A,P,0.1898774802684784, 0.1619478397899204
4xak_A,I,0.1483580768108368, 0.17062368988990784
4xak_A,S,0.14131349325180054, 0.17550796270370483
4xak_A,Q,0.17574602365493774, 0.18567249013317955
4xak_A,F,0.15196356177330017, 0.1863824294673072
4xak_A,N,0.23560607433319092, 0.1822131789392895
4xak_A,Y,0.20157968997955322, 0.19168833063708413
4xak_A,K,0.24013841152191162, 0.19624889724784428
4xak_A,Q,0.19285905361175537, 0.2014580104086134
4xak_A,S,0.15235422551631927, 0.2036871314048767
4xak_A,F,0.23363444209098816, 0.19570524328284794
4xak_A,S,0.18235859274864197, 0.1854439394341575
4xak_A,N,0.22262804210186005, 0.1707139867875311
4xak_A,P,0.1720256507396698, 0.16348061710596085
4xak_A,T,0.16376908123493195, 0.15821496811177996
4xak_A,C,0.10922795534133911, 0.14326940642462838
4xak_A,L,0.10756883770227432, 0.13796878026591408
4xak_A,I,0.12775872647762299, 0.12954214380847084
4xak_A,L,0.10496338456869125, 0.12885267039140066
4xak_A,A,0.09912438690662384, 0.1287080099185308
4xak_A,T,0.13465295732021332, 0.13565535181098515
4xak_A,V,0.1467883139848709, 0.13714240822527143
4xak_A,P,0.1658203899860382, 0.14369207620620728
4xak_A,H,0.1624671369791031, 0.14765650779008865
4xak_A,N,0.17175403237342834, 0.1549282959765858
4xak_A,L,0.12095234543085098, 0.15738838993840748
4xak_A,T,0.18670573830604553, 0.1627979286842876
4xak_A,T,0.14064326882362366, 0.16030989173385832
4xak_A,I,0.16457048058509827, 0.15675301767057842
4xak_A,T,0.15679380297660828, 0.15877936532100043
4xak_A,K,0.19547416269779205, 0.16421999202834237
4xak_A,P,0.14342805743217468, 0.15726362499925825
4xak_A,L,0.13045527040958405, 0.16244183149602678
4xak_A,K,0.18999116122722626, 0.16257472336292267
4xak_A,Y,0.1699179857969284, 0.17014161911275652
4xak_A,S,0.12409843504428864, 0.16977730558978188
4xak_A,Y,0.1872471272945404, 0.17007462680339813
4xak_A,I,0.16576650738716125, 0.1719796442323261
4xak_A,N,0.22489586472511292, 0.17940972248713175
4xak_A,K,0.1921953409910202, 0.17610595458083683
4xak_A,C,0.14610394835472107, 0.17683465116553837
4xak_A,S,0.1476004272699356, 0.167870019045141
4xak_A,R,0.2568618655204773, 0.16496352271901238
4xak_A,F,0.14018407464027405, 0.16553865124781927
4xak_A,L,0.13065670430660248, 0.1710293913880984
4xak_A,L,0.1065654382109642, 0.1901091229584482
4xak_A,S,0.13960804045200348, 0.19482271952761543
4xak_A,D,0.230072021484375, 0.19463441189792421
4xak_A,D,0.2416120022535324, 0.19620923615164226
4xak_A,R,0.31782153248786926, 0.20338313529888788
4xak_A,T,0.1900227963924408, 0.21210509207513598
4xak_A,E,0.2551670968532562, 0.21192593375841776
4xak_A,V,0.15435749292373657, 0.20333767268392774
4xak_A,P,0.19522179663181305, 0.20346467031372917
4xak_A,Q,0.18506304919719696, 0.1867192718717787
4xak_A,L,0.1379956156015396, 0.19539665513568455
4xak_A,V,0.15277767181396484, 0.19548082682821485
4xak_A,N,0.2427549809217453, 0.20710902412732443
4xak_A,A,0.16711294651031494, 0.2047712438636356
4xak_A,N,0.2681192457675934, 0.20138587719864315
4xak_A,Q,0.25592464208602905, 0.1996156084868643
4xak_A,Y,0.25901126861572266, 0.19636045975817573
4xak_A,S,0.1741817742586136, 0.18405508415566552
4xak_A,P,0.15459474921226501, 0.17693708837032318
4xak_A,C,0.12206319719552994, 0.16548618839846718
4xak_A,V,0.12348133325576782, 0.15404213633802202
4xak_A,S,0.13200660049915314, 0.14072078300846946
4xak_A,I,0.10305098444223404, 0.13813935054673088
4xak_A,V,0.16506114602088928, 0.1361391776137882
4xak_A,P,0.1529281735420227, 0.15221446338627073
4xak_A,S,0.13911908864974976, 0.1670606823431121
4xak_A,T,0.1509488821029663, 0.17730017254749933
4xak_A,V,0.13659319281578064, 0.18690819376044804
4xak_A,W,0.2667407691478729, 0.19425217476156023
4xak_A,E,0.2570973038673401, 0.20078605082299975
4xak_A,D,0.2241620123386383, 0.20270861685276031
4xak_A,G,0.18952317535877228, 0.21429695188999176
4xak_A,D,0.23115697503089905, 0.21617142524984148
4xak_A,Y,0.21173305809497833, 0.20491734643777212
4xak_A,Y,0.1564221829175949, 0.18880625483062533
4xak_A,R,0.2552438974380493, 0.18229355331924227
4xak_A,K,0.1534634530544281, 0.18383325553602642
4xak_A,Q,0.16545405983924866, 0.17716272589233187
4xak_A,L,0.11209747940301895, 0.18686003237962723
4xak_A,S,0.1655476987361908, 0.18769421428442
4xak_A,P,0.2033804953098297, 0.17874569280280006
4xak_A,L,0.171122208237648, 0.17803720715973112
4xak_A,E,0.2990088164806366, 0.1789524050222503
4xak_A,G,0.16392982006072998, 0.17529079814751944
4xak_A,G,0.17470720410346985, 0.1681877796848615
4xak_A,G,0.14708708226680756, 0.15622330788109037
4xak_A,W,0.17369084060192108, 0.15238545917802387
4xak_A,L,0.07914301753044128, 0.13789050694968966
4xak_A,V,0.10162053257226944, 0.14154322859313753
4xak_A,A,0.09570024907588959, 0.1424295496609476
4xak_A,S,0.13658156991004944, 0.14328637139664757
4xak_A,G,0.16855424642562866, 0.1405520033505228
4xak_A,S,0.19680431485176086, 0.15007629907793468
4xak_A,T,0.18268409371376038, 0.1574289451042811
4xak_A,V,0.1547984778881073, 0.16908233861128488
4xak_A,A,0.1490815281867981, 0.17230269643995497
4xak_A,M,0.16486167907714844, 0.167783679233657
4xak_A,T,0.1677943468093872, 0.1691711876127455
4xak_A,E,0.20058079063892365, 0.1700868010520935
4xak_A,Q,0.16556479036808014, 0.1731946137216356
4xak_A,L,0.12788309156894684, 0.18090300261974335
4xak_A,Q,0.20929189026355743, 0.18242101702425215
4xak_A,M,0.19092461466789246, 0.17916914323965707
4xak_A,G,0.1827687919139862, 0.173937878674931
4xak_A,F,0.21845702826976776, 0.16799325578742558
4xak_A,G,0.17852380871772766, 0.17563476496272618
4xak_A,I,0.13852748274803162, 0.1774567017952601
4xak_A,T,0.15349940955638885, 0.1767547114027871
4xak_A,V,0.11206318438053131, 0.1791808224386639
4xak_A,Q,0.19665667414665222, 0.18371565143267313
4xak_A,Y,0.22568932175636292, 0.18511681424246895
4xak_A,G,0.18460670113563538, 0.19639922181765238
4xak_A,T,0.20460379123687744, 0.19350740810235342
4xak_A,D,0.25927048921585083, 0.1960557136270735
4xak_A,T,0.1911342740058899, 0.184798340830538
4xak_A,N,0.24006915092468262, 0.17452622867292827
4xak_A,S,0.12747308611869812, 0.17290606680843565
4xak_A,V,0.13499793410301208, 0.15822366293933657
4xak_A,C,0.0953403189778328, 0.14763141920169195
4xak_A,P,0.13324031233787537, 0.14081627875566483
4xak_A,K,0.17002524435520172, 0.12400130679210027
4xak_A,L,0.07246215641498566, 0.10983763055668937
4xak_A,E,0.16394029557704926, 0.09483786010079914
4xak_A,F,0.1297980099916458, 0.08424449132548438
4xak_A,A,0.08873440325260162, 0.06944001217683156
4ypg_D,T,0.06430672109127045, 0.06827900144788954
4ypg_D,S,0.12194114923477173, 0.08835187057654063
4ypg_D,C,0.09485560655593872, 0.11865208049615224
4ypg_D,D,0.20616814494132996, 0.14060219128926596
4ypg_D,L,0.127239391207695, 0.16334265801641676
4ypg_D,P,0.1806558221578598, 0.18120805588033465
4ypg_D,Q,0.2727018892765045, 0.19271664652559492
4ypg_D,T,0.19755099713802338, 0.20218183265792
4ypg_D,H,0.2046642005443573, 0.1974065105120341
4ypg_D,S,0.22509530186653137, 0.2126075012816323
4ypg_D,L,0.22551846504211426, 0.22208886014090645
4ypg_D,G,0.18004228174686432, 0.20280764748652777
4ypg_D,S,0.16319024562835693, 0.20787572281228173
4ypg_D,R,0.264048308134079, 0.2116208796699842
4ypg_D,R,0.2659880518913269, 0.19973930468161902
4ypg_D,T,0.0991709753870964, 0.18450876822074255
4ypg_D,L,0.24316367506980896, 0.1834423831767506
4ypg_D,M,0.2383706122636795, 0.19198423541254467
4ypg_D,L,0.11816112697124481, 0.17364280505312812
4ypg_D,L,0.08844363689422607, 0.16875900245375103
4ypg_D,A,0.1704448163509369, 0.1849858131673601
4ypg_D,Q,0.24006691575050354, 0.1772874097029368
4ypg_D,M,0.09897543489933014, 0.16849390500121647
4ypg_D,R,0.22203382849693298, 0.17435933980676863
4ypg_D,K,0.24521227180957794, 0.18666132125589582
4ypg_D,I,0.1738780438899994, 0.18761583997143638
4ypg_D,S,0.1592290699481964, 0.16918848703304926
4ypg_D,L,0.1709500402212143, 0.1703510449992286
4ypg_D,F,0.19916146993637085, 0.17105949918429056
4ypg_D,S,0.179035484790802, 0.1604627552959654
4ypg_D,C,0.07422073930501938, 0.1676967574490441
4ypg_D,L,0.109438456594944, 0.17154457502894932
4ypg_D,K,0.22840991616249084, 0.17286737263202667
4ypg_D,D,0.1498415768146515, 0.16307231452729967
4ypg_D,R,0.23898406326770782, 0.17052633729245928
4ypg_D,H,0.19385942816734314, 0.17461753802167046
4ypg_D,D,0.18285521864891052, 0.1826122436258528
4ypg_D,F,0.11100594699382782, 0.18247850073708427
4ypg_D,G,0.24612168967723846, 0.18868990573618147
4ypg_D,F,0.11104154586791992, 0.18307074738873375
4ypg_D,P,0.18139080703258514, 0.1739971844686402
4ypg_D,Q,0.22720623016357422, 0.17277266499069002
4ypg_D,E,0.20574422180652618, 0.1796569898724556
4ypg_D,E,0.1884116381406784, 0.17794501698679394
4ypg_D,F,0.11219736188650131, 0.18295570959647497
4ypg_D,G,0.1718345433473587, 0.18411760611666572
4ypg_D,N,0.17296487092971802, 0.18059281922048992
4ypg_D,Q,0.23071393370628357, 0.17532389279868868
4ypg_D,F,0.15613777935504913, 0.17924963848458397
4ypg_D,Q,0.19184787571430206, 0.18180684414174822
4ypg_D,K,0.19548314809799194, 0.17654514726665285
4ypg_D,A,0.15832388401031494, 0.17636440445979437
4ypg_D,E,0.22374334931373596, 0.15807624575164583
4ypg_D,T,0.13521221280097961, 0.14682524071799385
4ypg_D,I,0.1244792714715004, 0.1398959325419532
4ypg_D,P,0.17133818566799164, 0.12798910588026047
4ypg_D,V,0.06612050533294678, 0.11773992164267434
4ypg_D,L,0.054878734052181244, 0.09612473038335641
4ypg_D,H,0.12948410212993622, 0.0987675523178445
4ypg_D,E,0.08832170814275742, 0.09461349517934853
4ypg_D,M,0.0660812258720398, 0.07860668065647285
4ypg_D,I,0.02920662797987461, 0.07838709548943573
4ypg_D,Q,0.15899761021137238, 0.0912789965255393
4ypg_D,Q,0.08709275722503662, 0.08374249500532945
4ypg_D,I,0.02727685496211052, 0.07896409038868216
4ypg_D,F,0.06414423882961273, 0.09090941585600376
4ypg_D,N,0.17090584337711334, 0.10254121985700396
4ypg_D,L,0.06165558844804764, 0.09947160217497084
4ypg_D,F,0.04531606659293175, 0.10954591631889343
4ypg_D,S,0.17358915507793427, 0.12228129017684194
4ypg_D,T,0.13389286398887634, 0.1332385345465607
4ypg_D,K,0.13137105107307434, 0.12549784572588074
4ypg_D,D,0.17776158452033997, 0.12772380436460176
4ypg_D,S,0.14189521968364716, 0.13204187403122583
4ypg_D,S,0.1627594381570816, 0.12294179118341869
4ypg_D,A,0.1012396439909935, 0.1339261440767182
4ypg_D,A,0.08168921619653702, 0.13862382455004585
4ypg_D,W,0.08417869359254837, 0.13123505893680784
4ypg_D,D,0.09168840944766998, 0.11945627960893843
4ypg_D,E,0.23275204002857208, 0.11577082177003224
4ypg_D,T,0.17365017533302307, 0.11970413145091799
4ypg_D,L,0.11126269400119781, 0.11397131242685848
4ypg_D,L,0.03588620573282242, 0.12354814219805929
4ypg_D,D,0.12959031760692596, 0.1316774839328395
4ypg_D,K,0.13663943111896515, 0.11228475098808606
4ypg_D,F,0.03009384498000145, 0.09529930125508043
4ypg_D,Y,0.1703701615333557, 0.10601200597981612
4ypg_D,T,0.16485248506069183, 0.12093972352643807
4ypg_D,E,0.05821744352579117, 0.11953592486679554
4ypg_D,L,0.020781127735972404, 0.11081216546396415
4ypg_D,Y,0.20767703652381897, 0.12795745850437218
4ypg_D,Q,0.17023566365242004, 0.12356345376206769
4ypg_D,Q,0.11695612967014313, 0.11205302282339996
4ypg_D,L,0.05812559649348259, 0.12829452608194616
4ypg_D,N,0.1844014823436737, 0.14670973064170945
4ypg_D,D,0.13082411885261536, 0.13136590727501446
4ypg_D,L,0.06125860661268234, 0.12274504742688602
4ypg_D,E,0.2043909728527069, 0.13509356189105245
4ypg_D,A,0.18651796877384186, 0.15536249760124418
4ypg_D,C,0.06958262622356415, 0.1530090926422013
4ypg_D,V,0.09264792501926422, 0.1568739174140824
4ypg_D,I,0.228092759847641, 0.1689275817738639
4ypg_D,Q,0.24054601788520813, 0.1621746669212977
4ypg_D,G,0.1632208377122879, 0.15770132839679718
4ypg_D,V,0.1656075417995453, 0.17198969258202446
4ypg_D,G,0.16974158585071564, 0.17923226952552795
4ypg_D,V,0.1436147391796112, 0.17612373497751024
4ypg_D,T,0.1462579220533371, 0.17034089730845559
4ypg_D,E,0.19817790389060974, 0.16492997109889984
4ypg_D,T,0.1578311175107956, 0.1661454803413815
4ypg_D,P,0.20011594891548157, 0.16581547260284424
4ypg_D,L,0.18850047886371613, 0.1668214284711414
4ypg_D,M,0.11452250182628632, 0.16469132237964207
4ypg_D,K,0.1765471249818802, 0.15416346738735834
4ypg_D,E,0.1667715162038803, 0.1593307430545489
4ypg_D,D,0.15266834199428558, 0.14551957613892025
4ypg_D,S,0.12708696722984314, 0.12698172591626644
4ypg_D,I,0.1034272089600563, 0.13310297226740253
4ypg_D,L,0.20433659851551056, 0.13155107262233892
4ypg_D,A,0.07581544667482376, 0.12240787823167112
4ypg_D,V,0.02165982685983181, 0.10855371505022049
4ypg_D,R,0.16961371898651123, 0.12104966822597715
4ypg_D,K,0.16258002817630768, 0.12362456818421681
4ypg_D,Y,0.08448276668787003, 0.10356634482741356
4ypg_D,F,0.027980873361229897, 0.10897123855021265
4ypg_D,Q,0.23955054581165314, 0.14587383779386678
4ypg_D,R,0.12660130858421326, 0.14486257711218464
4ypg_D,I,0.023812588304281235, 0.1309509188350704
4ypg_D,T,0.12445949018001556, 0.14351530228224066
4ypg_D,L,0.3537832200527191, 0.16705548349354002
4ypg_D,Y,0.16051237285137177, 0.15585234181748497
4ypg_D,L,0.03737510368227959, 0.16247709343830744
4ypg_D,K,0.19756221771240234, 0.1788582085735268
4ypg_D,E,0.2398425042629242, 0.17574180372887188
4ypg_D,K,0.1387222707271576, 0.15373590133256382
4ypg_D,K,0.1862240731716156, 0.1506100632250309
4ypg_D,Y,0.1712426245212555, 0.15207525342702866
4ypg_D,S,0.09641184657812119, 0.13656383007764816
4ypg_D,P,0.15573009848594666, 0.11891857451862758
4ypg_D,C,0.13237982988357544, 0.10748975517021285
4ypg_D,A,0.0505618155002594, 0.08868367556068632
4ypg_D,W,0.057959407567977905, 0.08440720952219433
4ypg_D,E,0.08103520423173904, 0.08430163562297821
4ypg_D,V,0.03586289659142494, 0.07551569574409062
4ypg_D,V,0.016969356685876846, 0.06341858001218902
4ypg_D,R,0.13275443017482758, 0.06784700809253587
4ypg_D,A,0.09546168148517609, 0.08225216923488511
4ypg_D,E,0.07665663957595825, 0.08026443214880095
4ypg_D,I,0.023505788296461105, 0.0808151438832283
4ypg_D,M,0.09041766822338104, 0.10079389355248874
4ypg_D,R,0.1876058578491211, 0.10170213257273038
4ypg_D,S,0.06314557045698166, 0.09470051030317943
4ypg_D,F,0.04081930220127106, 0.09821132156583998
4ypg_D,S,0.1967781037092209, 0.1111621463464366
4ypg_D,L,0.14092858135700226, 0.10729083832767275
4ypg_D,S,0.03244708105921745, 0.11074766433901256
4ypg_D,T,0.10825394093990326, 0.13297048873371548
4ypg_D,N,0.14006321132183075, 0.12843501071135202
4ypg_D,L,0.0555758960545063, 0.10657077696588305
4ypg_D,Q,0.2187172919511795, 0.0909120457039939
4ypg_D,E,0.26315099000930786, 0.08730681447519197
7chz_I,P,0.13598039746284485, 0.09889002309905158
7chz_I,V,0.14627720415592194, 0.11883525053660075
7chz_I,R,0.26448920369148254, 0.12199004387689961
7chz_I,S,0.1863669455051422, 0.1334559070981211
7chz_I,L,0.1568964570760727, 0.13492530584335327
7chz_I,N,0.1795070469379425, 0.1372651822037167
7chz_I,C,0.02839314006268978, 0.12938267489274344
7chz_I,T,0.1031927689909935, 0.12516675227218205
7chz_I,L,0.013224588707089424, 0.13476952413717905
7chz_I,R,0.15703928470611572, 0.1488438844680786
7chz_I,D,0.07533463835716248, 0.16241294145584106
7chz_I,S,0.22654590010643005, 0.17171835092206797
7chz_I,Q,0.27279189229011536, 0.16200120229687956
7chz_I,Q,0.2835657000541687, 0.1707213872836696
7chz_I,K,0.30162855982780457, 0.16219734193550217
7chz_I,S,0.11214182525873184, 0.1768042946027385
7chz_I,L,0.015738431364297867, 0.1772198515633742
7chz_I,V,0.09170625358819962, 0.17422189853257602
7chz_I,M,0.08032287657260895, 0.16863802282346618
7chz_I,S,0.20679721236228943, 0.15997789510422283
7chz_I,G,0.2302859127521515, 0.15006819677849612
7chz_I,P,0.24581031501293182, 0.1788761079725292
7chz_I,Y,0.23331081867218018, 0.1735223422033919
7chz_I,E,0.22368741035461426, 0.19100943932102787
7chz_I,L,0.022954540327191353, 0.2010167578442229
7chz_I,K,0.2750096321105957, 0.19341177141500843
7chz_I,A,0.04352236166596413, 0.19953538539508978
7chz_I,L,0.2377067506313324, 0.19802936476965746
7chz_I,H,0.2968630790710449, 0.20032217995160156
7chz_I,L,0.1618410348892212, 0.2282469905912876
7chz_I,Q,0.30092284083366394, 0.2255666988591353
7chz_I,G,0.21975663304328918, 0.250190880563524
7chz_I,Q,0.2443227469921112, 0.25438889529969955
7chz_I,D,0.27427783608436584, 0.25134727358818054
7chz_I,M,0.250887006521225, 0.24617659548918405
7chz_I,E,0.26513999700546265, 0.22579533772336113
7chz_I,Q,0.27548888325691223, 0.20614431467321184
7chz_I,Q,0.26948848366737366, 0.1907355636358261
7chz_I,V,0.11530493199825287, 0.1701084640291002
7chz_I,V,0.11749152094125748, 0.15579923573467466
7chz_I,F,0.04289742559194565, 0.14824126246902677
7chz_I,S,0.10564398765563965, 0.1293683730893665
7chz_I,M,0.0886339396238327, 0.12019860247770946
7chz_I,S,0.12210395187139511, 0.12481044398413764
7chz_I,F,0.19711823761463165, 0.13625237262911266
7chz_I,V,0.10563287883996964, 0.15855149428049722
7chz_I,Q,0.18696054816246033, 0.17012878590159947
7chz_I,G,0.15681150555610657, 0.18649953769312966
7chz_I,E,0.22046887874603271, 0.1951342382364803
7chz_I,E,0.24358952045440674, 0.19253089444504845
7chz_I,S,0.2098396122455597, 0.19154288785325158
7chz_I,N,0.23597070574760437, 0.17892456303040186
7chz_I,D,0.1998162567615509, 0.16335995516015422
7chz_I,K,0.173688143491745, 0.14269003748065895
7chz_I,I,0.09674081951379776, 0.11732384459012085
7chz_I,P,0.07339562475681305, 0.10040345477561156
7chz_I,V,0.016730034723877907, 0.07934557667209043
7chz_I,A,0.03443961963057518, 0.08191594253811571
7chz_I,L,0.015293784439563751, 0.08804441595243083
7chz_I,G,0.05755610391497612, 0.09948662606378396
7chz_I,L,0.046449802815914154, 0.1143655332012309
7chz_I,K,0.2229495495557785, 0.12232631113794115
7chz_I,E,0.22884440422058105, 0.12791822312606704
7chz_I,K,0.19972071051597595, 0.12743475971122584
7chz_I,N,0.20730578899383545, 0.12625296972692013
7chz_I,L,0.08837703615427017, 0.12491575400862429
7chz_I,Y,0.08476682752370834, 0.1091782816996177
7chz_I,L,0.010942613705992699, 0.11887110293739372
7chz_I,S,0.04691999405622482, 0.13141861578656566
7chz_I,C,0.0344148613512516, 0.14686057654519877
7chz_I,V,0.08131229877471924, 0.17142411010960737
7chz_I,L,0.3160797953605652, 0.19223298649821016
7chz_I,K,0.31264832615852356, 0.2098623046444522
7chz_I,D,0.3462834358215332, 0.2280784799820847
7chz_I,D,0.30944883823394775, 0.22687168129616314
7chz_I,K,0.2720467150211334, 0.2454266966217094
7chz_I,P,0.16960647702217102, 0.2168394753502475
7chz_I,T,0.2108655720949173, 0.20741679064101642
7chz_I,L,0.023553673177957535, 0.20174742531445292
7chz_I,Q,0.24830743670463562, 0.18380298672450912
7chz_I,L,0.05879480391740799, 0.18406352856092983
7chz_I,E,0.22784416377544403, 0.19116421830323008
7chz_I,S,0.29525914788246155, 0.20434747263789177
7chz_I,V,0.14794889092445374, 0.23030268566475975
7chz_I,D,0.2743915915489197, 0.23349413027366003
7chz_I,P,0.23351268470287323, 0.25900503993034363
7chz_I,K,0.32951486110687256, 0.2693268805742264
7chz_I,N,0.2571505904197693, 0.2707776841190126
7chz_I,Y,0.27703043818473816, 0.28335874776045483
7chz_I,P,0.2883929908275604, 0.2738305611742867
7chz_I,K,0.3207407295703888, 0.2727523528867298
7chz_I,K,0.3083163797855377, 0.2626409050491121
7chz_I,K,0.26117846369743347, 0.26181518534819287
7chz_I,M,0.18863791227340698, 0.2410646014743381
7chz_I,E,0.22380881011486053, 0.21606387860245174
7chz_I,K,0.2385118305683136, 0.18402275194724402
7chz_I,R,0.24971911311149597, 0.17084724456071854
7chz_I,F,0.09027518332004547, 0.15609214454889297
7chz_I,V,0.06338648498058319, 0.15603398697243798
7chz_I,F,0.032370589673519135, 0.15426306674877802
7chz_I,N,0.18973681330680847, 0.15176360723045138
7chz_I,K,0.12838256359100342, 0.1523872142036756
7chz_I,I,0.1881144940853119, 0.16895161155197355
7chz_I,E,0.20787052810192108, 0.18415193839205635
7chz_I,I,0.21601669490337372, 0.18896224846442541
7chz_I,N,0.2553315758705139, 0.18410999162329567
7chz_I,N,0.23935475945472717, 0.17185849303172696
7chz_I,K,0.20018942654132843, 0.15750463037855095
7chz_I,L,0.07566338032484055, 0.13975604147546822
7chz_I,E,0.14606650173664093, 0.12315563133193387
7chz_I,F,0.018119076266884804, 0.11234638695087698
7chz_I,E,0.05892973020672798, 0.11178099715875255
7chz_I,S,0.04813322797417641, 0.12112606337500943
7chz_I,A,0.06661300361156464, 0.13399679648379484
7chz_I,Q,0.1580483764410019, 0.13835936971008778
7chz_I,F,0.2342662513256073, 0.14691019306580225
7chz_I,P,0.2842950224876404, 0.14221625361177656
7chz_I,N,0.1914999783039093, 0.14901498994893497
7chz_I,W,0.18532966077327728, 0.1454800379772981
7chz_I,Y,0.09507648646831512, 0.14660819992423058
7chz_I,I,0.01668427512049675, 0.15104058012366295
7chz_I,S,0.10932185500860214, 0.152184485975239
7chz_I,T,0.03479843586683273, 0.1711970530450344
7chz_I,S,0.16820183396339417, 0.17842504837446743
7chz_I,Q,0.27415767312049866, 0.19503947719931602
7chz_I,A,0.29459017515182495, 0.2123002294037077
7chz_I,E,0.36261308193206787, 0.20212714332673284
7chz_I,N,0.25038161873817444, 0.22104085692101055
7chz_I,M,0.24460634589195251, 0.20856922823521826
7chz_I,P,0.17203104496002197, 0.20547252520918846
7chz_I,V,0.017764080315828323, 0.20655340577165285
7chz_I,F,0.20502185821533203, 0.19090344798233774
7chz_I,L,0.05595717579126358, 0.19956006233890852
7chz_I,G,0.24628734588623047, 0.19778958583871523
7chz_I,G,0.3043181002140045, 0.20773200483785736
7chz_I,T,0.2217634618282318, 0.23744615664084753
7chz_I,K,0.3282911479473114, 0.24579100559155145
7chz_I,G,0.228672057390213, 0.26408838894632125
7chz_I,G,0.261512815952301, 0.25230712360805935
7chz_I,Q,0.28519144654273987, 0.24492980539798737
7chz_I,D,0.2801254987716675, 0.2293301381998592
7chz_I,I,0.2206336259841919, 0.21186413947078916
7chz_I,T,0.14025595784187317, 0.1969587372408973
7chz_I,D,0.23792223632335663, 0.19241199062930214
7chz_I,F,0.08136645704507828, 0.18869316743479836
7chz_I,T,0.17109715938568115, 0.1734908719857534
7chz_I,M,0.09452343732118607, 0.1726478851503796
7chz_I,Q,0.22059209644794464, 0.17107516361607444
7chz_I,F,0.2517220377922058, 0.14463935958014595
7chz_I,V,0.14330483973026276, 0.1355986421306928
7chz_I,S,0.21304674446582794, 0.11658784664339489
7chz_I,S,0.12610146403312683, 0.10608524249659644
5d8j_A,S,0.07914217561483383, 0.08432770934369829
5d8j_A,M,0.18624742329120636, 0.0922657839126057
5d8j_A,C,0.11571583896875381, 0.10541603383090761
5d8j_A,D,0.22626256942749023, 0.11383795158730613
5d8j_A,A,0.15158137679100037, 0.1349916516078843
5d8j_A,F,0.07144267112016678, 0.12969880137178633
5d8j_A,V,0.1183522492647171, 0.12847862309879726
5d8j_A,G,0.07579725980758667, 0.12290363841586643
5d8j_A,T,0.19038330018520355, 0.11534800132115682
5d8j_A,W,0.03150652348995209, 0.11822079453203413
5d8j_A,K,0.1752658188343048, 0.11930186053117116
5d8j_A,L,0.06554097682237625, 0.1274780895974901
5d8j_A,V,0.15826183557510376, 0.1343667126364178
5d8j_A,S,0.17743651568889618, 0.11968237244420582
5d8j_A,S,0.08117226511240005, 0.12946691198481453
5d8j_A,E,0.19193831086158752, 0.12188441223568386
5d8j_A,N,0.1377948671579361, 0.12024099338385794
5d8j_A,F,0.05822423845529556, 0.10497664846479893
5d8j_A,D,0.1195673793554306, 0.1072388252036439
5d8j_A,D,0.10702332109212875, 0.11293449521892601
5d8j_A,Y,0.05075020715594292, 0.09853215329349041
5d8j_A,M,0.020882731303572655, 0.09249000065028667
5d8j_A,K,0.19779610633850098, 0.09150499581462807
5d8j_A,E,0.13243329524993896, 0.09279951101375951
5d8j_A,V,0.06231723353266716, 0.10028908215463161
5d8j_A,G,0.08341549336910248, 0.10636035456425613
5d8j_A,V,0.049359194934368134, 0.11734049394726753
5d8j_A,G,0.13121801614761353, 0.10691933458050092
5d8j_A,F,0.17442946135997772, 0.11170671838853094
5d8j_A,A,0.10539165884256363, 0.1103768501844671
5d8j_A,T,0.1197039857506752, 0.10382229731314713
5d8j_A,R,0.10400567203760147, 0.112671817963322
5d8j_A,K,0.17551974952220917, 0.12170983581907219
5d8j_A,V,0.050348419696092606, 0.1129633111672269
5d8j_A,A,0.024424517527222633, 0.1283458121534851
5d8j_A,G,0.12900488078594208, 0.12549026206963593
5d8j_A,M,0.21256017684936523, 0.13229605700406763
5d8j_A,A,0.09571073949337006, 0.11886963807046413
5d8j_A,K,0.24383416771888733, 0.13510910690658623
5d8j_A,P,0.09400403499603271, 0.134448554366827
5d8j_A,N,0.16525782644748688, 0.137791464312209
5d8j_A,M,0.05468197911977768, 0.12983750758899582
5d8j_A,I,0.1965036392211914, 0.14608891432483992
5d8j_A,I,0.018479544669389725, 0.14406478198038208
5d8j_A,S,0.1590910702943802, 0.15061318998535475
5d8j_A,V,0.14097456634044647, 0.15251596230599615
5d8j_A,N,0.2419734001159668, 0.14983719690806335
5d8j_A,G,0.22561697661876678, 0.13924339599907398
5d8j_A,D,0.15293970704078674, 0.13998743601971203
5d8j_A,L,0.18238277733325958, 0.14004312828183174
5d8j_A,V,0.03057309053838253, 0.12965177454882199
5d8j_A,T,0.10115943104028702, 0.1314550865855482
5d8j_A,I,0.025175904855132103, 0.11465340894129541
5d8j_A,R,0.15959230065345764, 0.1192211512890127
5d8j_A,S,0.04745238274335861, 0.11682611248559421
5d8j_A,E,0.2582032084465027, 0.14193902723491192
5d8j_A,S,0.07440187782049179, 0.1634533659865459
5d8j_A,T,0.1940493881702423, 0.17678771747483146
5d8j_A,F,0.1608274281024933, 0.19059792823261684
5d8j_A,K,0.2565893232822418, 0.19568837020132276
5d8j_A,N,0.2947884798049927, 0.18286918103694916
5d8j_A,T,0.14518506824970245, 0.18095680326223373
5d8j_A,E,0.283884197473526, 0.1833273528350724
5d8j_A,I,0.09326636046171188, 0.17846695913208854
5d8j_A,S,0.1428305059671402, 0.162891063425276
5d8j_A,F,0.05719047784805298, 0.1536937587791019
5d8j_A,K,0.2153843343257904, 0.15788820882638296
5d8j_A,L,0.11708388477563858, 0.1333330132895046
5d8j_A,G,0.11640626192092896, 0.14148333503140342
5d8j_A,V,0.21201273798942566, 0.1303054831094212
5d8j_A,E,0.18293511867523193, 0.14800921827554703
5d8j_A,F,0.06288743764162064, 0.1326268364985784
5d8j_A,D,0.16661925613880157, 0.1320393466287189
5d8j_A,E,0.04222983866930008, 0.13443588382667965
5d8j_A,I,0.21652409434318542, 0.1309636433919271
5d8j_A,T,0.07694289833307266, 0.12774656547440422
5d8j_A,A,0.11179647594690323, 0.1537989800175031
5d8j_A,D,0.13797509670257568, 0.13923290703031752
5d8j_A,D,0.18076257407665253, 0.15187696036365297
5d8j_A,R,0.15398141741752625, 0.13080400538941225
5d8j_A,K,0.2973591685295105, 0.14274880186551148
5d8j_A,V,0.03552459925413132, 0.13286291311184564
5d8j_A,K,0.15602631866931915, 0.13718545188506445
5d8j_A,S,0.026867499575018883, 0.12697603387965095
5d8j_A,I,0.1844460666179657, 0.13432357791397306
5d8j_A,I,0.022823477163910866, 0.1241195077697436
5d8j_A,T,0.1768779456615448, 0.13369418515099418
5d8j_A,L,0.08887781202793121, 0.12918946478101942
5d8j_A,D,0.22010931372642517, 0.12906617754035526
5d8j_A,G,0.2055225372314453, 0.11996460457642873
5d8j_A,G,0.12169669568538666, 0.12663288559350702
5d8j_A,A,0.1154838353395462, 0.12425937565664451
5d8j_A,L,0.025757914409041405, 0.12851103622880247
5d8j_A,V,0.10253190994262695, 0.1368180097391208
5d8j_A,Q,0.08283800631761551, 0.13221588213410643
5d8j_A,V,0.1555163562297821, 0.15129890686108005
5d8j_A,Q,0.1271427571773529, 0.16781839542090893
5d8j_A,K,0.29487207531929016, 0.1971658675207032
5d8j_A,W,0.16410338878631592, 0.2156574601928393
5d8j_A,D,0.2934439182281494, 0.21367385072840583
5d8j_A,G,0.264159232378006, 0.21978731370634502
5d8j_A,K,0.28988516330718994, 0.21297650204764473
5d8j_A,S,0.2689562439918518, 0.20488806896739536
5d8j_A,T,0.06498552113771439, 0.1942804679274559
5d8j_A,T,0.21053752303123474, 0.18425029930141237
5d8j_A,I,0.06584545224905014, 0.16159356923566925
5d8j_A,K,0.2220761775970459, 0.14706947530309358
5d8j_A,R,0.06863497942686081, 0.13423737842175695
5d8j_A,K,0.20317240059375763, 0.14095491874549124
5d8j_A,R,0.060248661786317825, 0.13665999347964922
5d8j_A,D,0.1591683179140091, 0.13114745231966177
5d8j_A,G,0.15346737205982208, 0.12236000080075529
5d8j_A,D,0.12544338405132294, 0.11811916323171721
5d8j_A,K,0.17188319563865662, 0.11133849910563892
5d8j_A,L,0.016232581809163094, 0.1077406145632267
5d8j_A,V,0.1429891139268875, 0.10763904990421401
5d8j_A,V,0.03046744130551815, 0.09978224378493097
5d8j_A,E,0.14214642345905304, 0.11022245263059934
5d8j_A,C,0.027867700904607773, 0.11230440148048931
5d8j_A,V,0.1582542359828949, 0.12362323639293511
5d8j_A,M,0.08275611698627472, 0.1317054590003358
5d8j_A,K,0.21940526366233826, 0.13461672969990307
5d8j_A,G,0.19062073528766632, 0.1387010303636392
5d8j_A,V,0.11810209602117538, 0.15350800338718626
5d8j_A,T,0.21572911739349365, 0.15036897940768135
5d8j_A,S,0.056668877601623535, 0.15021304123931462
5d8j_A,T,0.17890512943267822, 0.14218939509656695
5d8j_A,R,0.16113045811653137, 0.13903645674387613
5d8j_A,V,0.13000302016735077, 0.1362630385491583
5d8j_A,Y,0.08135267347097397, 0.1122931366165479
5d8j_A,E,0.14719244837760925, 0.10599659466081196
5d8j_A,R,0.1622442901134491, 0.08611824694606993
5d8j_A,A,0.0931413322687149, 0.06821486271089977
3pnw_O,I,0.06902484595775604, 0.0767959091398451
3pnw_O,P,0.13983967900276184, 0.08669532752699322
3pnw_O,M,0.14434364438056946, 0.10606511019998127
3pnw_O,E,0.1684194654226303, 0.12444205333789189
3pnw_O,Y,0.1695355474948883, 0.1333932023909357
3pnw_O,A,0.08909476548433304, 0.1430544000532892
3pnw_O,K,0.1743280440568924, 0.14714285151826012
3pnw_O,M,0.16539248824119568, 0.14078614943557316
3pnw_O,W,0.0805603414773941, 0.13209406534830728
3pnw_O,K,0.15597562491893768, 0.1281415108177397
3pnw_O,P,0.1766357421875, 0.11921718323396312
3pnw_O,G,0.08713332563638687, 0.10427576738099258
3pnw_O,D,0.09019070863723755, 0.08721402204698986
3pnw_O,E,0.13396255671977997, 0.0877586371368832
3pnw_O,C,0.008775817230343819, 0.07897050264808866
3pnw_O,F,0.03985530138015747, 0.0901114551557435
3pnw_O,A,0.011836780235171318, 0.11166714628537495
3pnw_O,L,0.08546187728643417, 0.12438433865706126
3pnw_O,Y,0.07688241451978683, 0.13677393231126997
3pnw_O,W,0.27690431475639343, 0.1539204813953903
3pnw_O,E,0.28113454580307007, 0.15679951157006952
3pnw_O,D,0.20464543998241425, 0.16919865873124865
3pnw_O,N,0.2454688996076584, 0.18098522308799955
3pnw_O,K,0.16309475898742676, 0.17465320436490905
3pnw_O,F,0.06576657295227051, 0.1559068142539925
3pnw_O,Y,0.12342910468578339, 0.1262771510001686
3pnw_O,R,0.19154095649719238, 0.12508097021943992
3pnw_O,A,0.019894246011972427, 0.1199655125124587
3pnw_O,E,0.10818680375814438, 0.10757758654654026
3pnw_O,V,0.014467576518654823, 0.11847894825041294
3pnw_O,E,0.19387981295585632, 0.13620266256233057
3pnw_O,A,0.19942978024482727, 0.1347674356980456
3pnw_O,L,0.05160342529416084, 0.14565783801178137
3pnw_O,H,0.16387882828712463, 0.1496870399763187
3pnw_O,S,0.282942533493042, 0.16774168983101845
3pnw_O,S,0.17862391471862793, 0.14777784701436758
3pnw_O,G,0.11790786683559418, 0.1382911866530776
3pnw_O,M,0.1444496214389801, 0.13351436725093258
3pnw_O,T,0.17695942521095276, 0.1282976180728939
3pnw_O,A,0.014205227605998516, 0.10757500533428457
3pnw_O,V,0.11404983699321747, 0.09629863272938463
3pnw_O,V,0.008612050674855709, 0.10286042528847854
3pnw_O,K,0.1169280856847763, 0.10409479774534702
3pnw_O,F,0.09643901884555817, 0.09229292410115401
3pnw_O,I,0.0771365612745285, 0.10937819205638435
3pnw_O,D,0.17696399986743927, 0.11247016313589281
3pnw_O,Y,0.1555589735507965, 0.12492650416162279
3pnw_O,G,0.07074256241321564, 0.13808848294946882
3pnw_O,N,0.1679726392030716, 0.13265937318404517
3pnw_O,Y,0.14187757670879364, 0.14901607152488497
3pnw_O,E,0.12071911990642548, 0.13485479065113598
3pnw_O,E,0.23538589477539062, 0.13396503900488219
3pnw_O,V,0.04757703095674515, 0.1424461425178581
3pnw_O,L,0.2243468463420868, 0.12505534146394995
3pnw_O,L,0.04951247200369835, 0.11789809767570761
3pnw_O,S,0.14755120873451233, 0.11093235491878456
3pnw_O,N,0.14707249402999878, 0.09063014450172584
3pnw_O,I,0.011455429717898369, 0.08534380772875415
3pnw_O,K,0.07746238261461258, 0.060416380357411176
3pnw_O,P,0.05802743509411812, 0.05491499457922247
3pnw_O,I,0.05266600102186203, 0.038520415830943316
6y6c_A,N,0.10482778400182724, 0.10108600474066204
6y6c_A,T,0.271675705909729, 0.12462961425383885
6y6c_A,T,0.1808270961046219, 0.13168866684039435
6y6c_A,V,0.29110780358314514, 0.1469351988699701
6y6c_A,F,0.06133565306663513, 0.15729560123549569
6y6c_A,Q,0.2118924856185913, 0.1536814413136906
6y6c_A,G,0.06353147327899933, 0.14741043166981804
6y6c_A,V,0.13721878826618195, 0.1426284967197312
6y6c_A,A,0.09324362128973007, 0.11741238584121068
6y6c_A,G,0.07230034470558167, 0.12660257932212618
6y6c_A,Q,0.2152366191148758, 0.10811516766746838
6y6c_A,S,0.13778968155384064, 0.10944431068168746
6y6c_A,L,0.06416280567646027, 0.10129698738455772
6y6c_A,Q,0.14404739439487457, 0.10791520981325044
6y6c_A,V,0.04550578072667122, 0.11422672412461704
6y6c_A,S,0.07549376040697098, 0.11123995027608341
6y6c_A,C,0.06389287859201431, 0.11730466990007295
6y6c_A,P,0.15280762314796448, 0.14645105807317627
6y6c_A,Y,0.12910397350788116, 0.16528941897882354
6y6c_A,D,0.18835565447807312, 0.1972343342171775
6y6c_A,S,0.1923721581697464, 0.23101385517252815
6y6c_A,M,0.32648029923439026, 0.2617482973469628
6y6c_A,K,0.3135926425457001, 0.28274328509966534
6y6c_A,H,0.3330100178718567, 0.2956550469001134
6y6c_A,W,0.37950944900512695, 0.29059750338395435
6y6c_A,G,0.34050285816192627, 0.30016668968730503
6y6c_A,R,0.341762512922287, 0.27731157425377106
6y6c_A,R,0.24530982971191406, 0.2682850451933013
6y6c_A,K,0.1428377628326416, 0.2494102045893669
6y6c_A,A,0.27849483489990234, 0.24003111239936617
6y6c_A,W,0.12078426033258438, 0.22818645421001646
6y6c_A,C,0.23235388100147247, 0.21053812818394768
6y6c_A,R,0.16313645243644714, 0.21615461425648796
6y6c_A,Q,0.29509761929512024, 0.23537934737073052
6y6c_A,L,0.23390093445777893, 0.2396508049633768
6y6c_A,G,0.18292757868766785, 0.26320137083530426
6y6c_A,E,0.2958582043647766, 0.2639099856217702
6y6c_A,K,0.3158603608608246, 0.2847718927595351
6y6c_A,G,0.31693795323371887, 0.2871727744738261
6y6c_A,P,0.33273935317993164, 0.2691764814986123
6y6c_A,C,0.23873141407966614, 0.25638823293977314
6y6c_A,Q,0.35089361667633057, 0.2536382070846028
6y6c_A,R,0.3167055547237396, 0.24671047512027952
6y6c_A,V,0.0719342976808548, 0.25260483142402435
6y6c_A,V,0.06783334165811539, 0.25776945137315327
6y6c_A,S,0.2711079716682434, 0.27303428368435967
6y6c_A,T,0.2535107731819153, 0.2756136746870147
6y6c_A,H,0.3699871599674225, 0.27911759002341163
6y6c_A,N,0.3792209327220917, 0.3056424433986346
6y6c_A,L,0.3761149048805237, 0.33196107546488446
6y6c_A,W,0.37410813570022583, 0.3389197058147854
6y6c_A,L,0.34824079275131226, 0.34674299756685895
6y6c_A,L,0.31065797805786133, 0.33990798393885296
6y6c_A,S,0.304701030254364, 0.3176245192686717
6y6c_A,F,0.3337356448173523, 0.30827663673294914
6y6c_A,L,0.3239203989505768, 0.29084371195899117
6y6c_A,R,0.30847203731536865, 0.27046778466966415
6y6c_A,R,0.1786697506904602, 0.2567828529410892
6y6c_A,W,0.291983962059021, 0.23539534459511438
6y6c_A,N,0.21721181273460388, 0.21458551370435291
6y6c_A,G,0.16485744714736938, 0.1863380248347918
6y6c_A,S,0.18749359250068665, 0.17158169630501005
6y6c_A,T,0.11221345514059067, 0.17406758417685828
6y6c_A,A,0.14644716680049896, 0.16544956382777956
6y6c_A,I,0.06969299912452698, 0.16944148888190588
6y6c_A,T,0.17566508054733276, 0.1883172666033109
6y6c_A,D,0.20104274153709412, 0.19342979705995983
6y6c_A,D,0.21442177891731262, 0.20005095336172316
6y6c_A,T,0.2531391382217407, 0.2021777480840683
6y6c_A,L,0.33473944664001465, 0.19723936480780443
6y6c_A,G,0.23350636661052704, 0.18714206479489803
6y6c_A,G,0.17180386185646057, 0.1694370891071028
6y6c_A,T,0.16558831930160522, 0.15417805831465456
6y6c_A,L,0.025247549638152122, 0.12926257174048159
6y6c_A,T,0.08478938043117523, 0.1105300471600559
6y6c_A,I,0.04169796034693718, 0.09817888856761986
6y6c_A,T,0.07709050178527832, 0.08207258768379688
6y6c_A,L,0.02889975905418396, 0.08723745267424318
6y6c_A,R,0.16614672541618347, 0.1066606520778603
6y6c_A,N,0.1223459392786026, 0.1261845160689619
6y6c_A,L,0.026847153902053833, 0.13335765401522318
6y6c_A,Q,0.21207210421562195, 0.1393409785297182
6y6c_A,P,0.20005634427070618, 0.14982948700586954
6y6c_A,H,0.2605041563510895, 0.1545703278647529
6y6c_A,D,0.10625620186328888, 0.1549410025278727
6y6c_A,A,0.13094042241573334, 0.18252834015422398
6y6c_A,G,0.1232963353395462, 0.16468996720181572
6y6c_A,L,0.20881429314613342, 0.17938086638847986
6y6c_A,Y,0.1256820112466812, 0.1694873364435302
6y6c_A,Q,0.2751331925392151, 0.19891839971144995
6y6c_A,C,0.0515267476439476, 0.2255718070599768
6y6c_A,Q,0.3322744369506836, 0.25459721436103183
6y6c_A,S,0.17146238684654236, 0.2744310374061267
6y6c_A,L,0.37113577127456665, 0.3005871499578158
6y6c_A,H,0.370821088552475, 0.30570487429698306
6y6c_A,G,0.38452500104904175, 0.34011978573269314
6y6c_A,S,0.3873187005519867, 0.33887070417404175
6y6c_A,E,0.36108702421188354, 0.35490889019436306
6y6c_A,A,0.3211927115917206, 0.34488051467471653
6y6c_A,D,0.36126095056533813, 0.3234674433867137
6y6c_A,T,0.32103270292282104, 0.2907477244734764
6y6c_A,L,0.3158060610294342, 0.2662224198381106
6y6c_A,R,0.2808803915977478, 0.23259959990779558
6y6c_A,K,0.17810344696044922, 0.22854969940251774
6y6c_A,V,0.09004753082990646, 0.19810665771365166
6y6c_A,L,0.16659095883369446, 0.1846982849140962
6y6c_A,V,0.058481644839048386, 0.16996778837508625
6y6c_A,E,0.28474360704421997, 0.16067379837234816
6y6c_A,V,0.08727357536554337, 0.16064606896705097
6y6c_A,L,0.2003573477268219, 0.1712666836877664
6y6c_A,A,0.18323159217834473, 0.17928008279866642
6y6c_A,D,0.19723448157310486, 0.19351620392666924
6y6c_A,P,0.17785388231277466, 0.18613841384649277
6y6c_A,L,0.18563306331634521, 0.19900449944867027
6y6c_A,D,0.23871155083179474, 0.17674257192346784
6y6c_A,H,0.1866067349910736, 0.15638350612587398
6y6c_A,R,0.21834349632263184, 0.13446856372886234
6y6c_A,D,0.203068345785141, 0.11470702124966516