qacc	sacc	pident	qcovs	qseq	sseq	qacc
1-WEDGDYYRKQ	healthy-1686653	100.000	100	WEDGDYYRKQ	WEDGDYYRKQ
1-WEDGDYYRKQ	infectious-1696163	100.000	100	WEDGDYYRKQ	WEDGDYYRKQ
1-WEDGDYYRKQ	infectious-1686653	100.000	100	WEDGDYYRKQ	WEDGDYYRKQ
1-WEDGDYYRKQ	infectious-1668760	100.000	100	WEDGDYYRKQ	WEDGDYYRKQ
1-WEDGDYYRKQ	infectious-1705248	100.000	100	WEDGDYYRKQ	WEDGDYYRKQ
1-WEDGDYYRKQ	infectious-1701151	100.000	100	WEDGDYYRKQ	WEDGDYYRKQ
1-WEDGDYYRKQ	infectious-1414267	100.000	100	WEDGDYYRKQ	WEDGDYYRKQ
1-WEDGDYYRKQ	healthy-1707573	100.000	100	WEDGDYYRKQ	WEDGDYYRKQ
1-WEDGDYYRKQ	infectious-1707573	100.000	100	WEDGDYYRKQ	WEDGDYYRKQ
1-WEDGDYYRKQ	infectious-1531967	90.000	100	WEDGDYYRKQ	WEEGDYYRKQ
1-WEDGDYYRKQ	infectious-1531147	90.000	100	WEDGDYYRKQ	WEEGDYYRKQ
1-WEDGDYYRKQ	infectious-1693810	100.000	90	WEDGDYYRK	WEDGDYYRK
1-WEDGDYYRKQ	healthy-1490548	100.000	90	WEDGDYYRK	WEDGDYYRK
1-WEDGDYYRKQ	infectious-1490548	100.000	90	WEDGDYYRK	WEDGDYYRK
1-WEDGDYYRKQ	infectious-1520534	90.000	100	WEDGDYYRKQ	WKDGDYYRKQ
1-WEDGDYYRKQ	infectious-1510509	88.889	90	WEDGDYYRK	WEDGNYYRK
1-WEDGDYYRKQ	infectious-1426529	100.000	90	EDGDYYRKQ	EDGDYYRKQ
1-WEDGDYYRKQ	healthy-1653556	100.000	90	EDGDYYRKQ	EDGDYYRKQ
1-WEDGDYYRKQ	infectious-1705896	100.000	80	WEDGDYYR	WEDGDYYR
1-WEDGDYYRKQ	infectious-1490051	100.000	80	WEDGDYYR	WEDGDYYR
1-WEDGDYYRKQ	infectious-1490092	100.000	80	WEDGDYYR	WEDGDYYR
1-WEDGDYYRKQ	infectious-1490093	87.500	80	WEDGDYYR	WEDGNYYR
1-WEDGDYYRKQ	infectious-1457219	100.000	80	DGDYYRKQ	DGDYYRKQ
1-WEDGDYYRKQ	healthy-1650485	100.000	80	DGDYYRKQ	DGDYYRKQ
1-WEDGDYYRKQ	infectious-1650485	100.000	80	DGDYYRKQ	DGDYYRKQ
1-WEDGDYYRKQ	infectious-1427398	87.500	80	DGDYYRKQ	EGDYYRKQ
1-WEDGDYYRKQ	infectious-1490095	87.500	80	WEDGDYYR	WKDGDYYR
2-PQTHSLGSRR	autoimmune-120423	100.000	100	PQTHSLGSRR	PQTHSLGSRR
2-PQTHSLGSRR	infectious-918597	66.667	90	QTHSLGSRR	QTHTTGSSR
3-DPKNYPKKKMEKR	infectious-1068470	50.000	92	PKNYPKKKMEKR	ANNYSKLNMEQR
3-DPKNYPKKKMEKR	autoimmune-767210	60.000	77	NYPKKKMEKR	NHPKMGMLKR
3-DPKNYPKKKMEKR	healthy-767210	60.000	77	NYPKKKMEKR	NHPKMGMLKR
4-QFNYKQSFSNPT	infectious-1492335	100.000	100	QFNYKQSFSNPT	QFNYKQSFSNPT
4-QFNYKQSFSNPT	healthy-1662333	100.000	100	QFNYKQSFSNPT	QFNYKQSFSNPT
4-QFNYKQSFSNPT	infectious-1662333	100.000	100	QFNYKQSFSNPT	QFNYKQSFSNPT
4-QFNYKQSFSNPT	infectious-1496216	83.333	100	QFNYKQSFSNPT	QYNYKQSFANPT
4-QFNYKQSFSNPT	infectious-1411927	90.909	92	QFNYKQSFSNP	QFNYKQSFANP
4-QFNYKQSFSNPT	infectious-1492336	91.667	100	QFNYKQSFSNPT	QFNYKQSSSNPT
4-QFNYKQSFSNPT	infectious-1412130	81.818	92	QFNYKQSFSNP	QYNYKQDFSNP
4-QFNYKQSFSNPT	infectious-1536814	81.818	92	FNYKQSFSNPT	YNYKQDFSNPT
4-QFNYKQSFSNPT	infectious-1521407	90.000	83	QFNYKQSFSN	QFNYKQSFAN
4-QFNYKQSFSNPT	infectious-1485419	90.000	83	NYKQSFSNPT	NYKQDFSNPT
4-QFNYKQSFSNPT	infectious-1487617	100.000	75	QFNYKQSFS	QFNYKQSFS
4-QFNYKQSFSNPT	infectious-1530260	88.889	75	QFNYKQSFS	QFNYKQSFA
4-QFNYKQSFSNPT	healthy-1449461	80.000	83	QFNYKQSFSN	QYNYKQDFSN
4-QFNYKQSFSNPT	infectious-1449461	80.000	83	QFNYKQSFSN	QYNYKQDFSN
4-QFNYKQSFSNPT	infectious-1528412	63.636	92	QFNYKQSFSNP	RFNYNQDYSNP
4-QFNYKQSFSNPT	infectious-1524772	77.778	75	QFNYKQSFS	QYNYKQSFA
4-QFNYKQSFSNPT	infectious-1435357	63.636	92	FNYKQSFSNPT	FNYNQDYSNPS
4-QFNYKQSFSNPT	infectious-1427798	77.778	75	QFNYKQSFS	QYNYKQDFS
4-QFNYKQSFSNPT	infectious-1439489	75.000	67	QFNYKQSF	QYNYKQDF
4-QFNYKQSFSNPT	infectious-1437881	75.000	67	KQSFSNPT	KESFENPT
4-QFNYKQSFSNPT	infectious-1514150	75.000	67	KQSFSNPT	KESFENPT
5-QSLHGSEADTLRK	infectious-945893	45.455	85	QSLHGSEADTL	QALHDFVSNTL
6-CRQLGEKGPCQR	autoimmune-977835	54.545	92	CRQLGEKGPCQ	CGQLSGRGSCQ
6-CRQLGEKGPCQR	autoimmune-972704	54.545	92	CRQLGEKGPCQ	CGQLSGRGSCQ
7-LHLQGQDMEQQ	alergic-1862259	60.000	91	HLQGQDMEQQ	RLQGRQQEQQ
7-LHLQGQDMEQQ	alergic-525045	60.000	91	HLQGQDMEQQ	RLQGRQQEQQ
7-LHLQGQDMEQQ	alergic-52307	60.000	91	HLQGQDMEQQ	RLQGRQQEQQ
7-LHLQGQDMEQQ	alergic-99512	60.000	91	HLQGQDMEQQ	RLQGRQQEQQ
7-LHLQGQDMEQQ	alergic-1862165	60.000	91	HLQGQDMEQQ	RLQGRQQEQQ
7-LHLQGQDMEQQ	alergic-2151244	60.000	91	HLQGQDMEQQ	RLQGRQQEQQ
7-LHLQGQDMEQQ	alergic-521906	60.000	91	HLQGQDMEQQ	RLQGRQQEQQ
7-LHLQGQDMEQQ	alergic-2151242	66.667	82	LQGQDMEQQ	LQGRQQEQQ
7-LHLQGQDMEQQ	healthy-853540	54.545	100	LHLQGQDMEQQ	MELQGARMIQQ
7-LHLQGQDMEQQ	alergic-243816	66.667	82	LQGQDMEQQ	LQGRQQEQQ
7-LHLQGQDMEQQ	alergic-1861928	60.000	91	HLQGQDMEQQ	RLQGRQQEQQ
8-STHNLWLLSFLRRWNGS	infectious-233498	75.000	47	FLRRWNGS	FLRRYNGT
8-STHNLWLLSFLRRWNGS	infectious-1863028	87.500	47	LWLLSFLR	LWLNSFLR
8-STHNLWLLSFLRRWNGS	healthy-1659068	50.000	59	LSFLRRWNGS	VTFLKEWNFS
8-STHNLWLLSFLRRWNGS	infectious-1659068	50.000	59	LSFLRRWNGS	VTFLKEWNFS
8-STHNLWLLSFLRRWNGS	infectious-1700186	50.000	59	LSFLRRWNGS	VTFLKEWNFS
