Id	Position	Residue	Bepipred3	Emini	Kolaskar	Chou Fosman	Karplus Schulz	Parker	MW	IP	Hydropathy
3pnw_O	1	I	0.07	0.00	0.00	0.00	0.00	0.00	131.17	5.52	4.50
3pnw_O	2	P	0.14	0.00	0.00	0.00	0.00	0.00	115.13	5.96	-1.60
3pnw_O	3	M	0.14	0.65	0.00	0.00	0.00	0.00	149.21	5.28	1.90
3pnw_O	4	E	0.17	1.86	1.01	0.88	0.95	0.51	147.13	4.00	-3.50
3pnw_O	5	Y	0.17	1.19	0.96	0.90	0.95	1.06	181.19	5.52	-1.30
3pnw_O	6	A	0.09	1.27	0.94	0.82	0.95	-0.67	89.09	5.57	1.80
3pnw_O	7	K	0.17	1.46	0.95	0.87	0.96	0.74	146.19	8.75	-3.90
3pnw_O	8	M	0.17	1.44	0.98	0.99	0.96	-0.07	149.21	5.28	1.90
3pnw_O	9	W	0.08	1.41	0.94	1.05	0.99	1.01	204.23	5.52	-0.90
3pnw_O	10	K	0.16	1.18	0.91	1.16	1.02	2.14	146.19	8.75	-3.90
3pnw_O	11	P	0.18	2.07	0.90	1.12	1.04	2.44	115.13	5.96	-1.60
3pnw_O	12	G	0.09	1.05	0.98	1.21	1.05	3.24	75.07	5.52	-0.40
3pnw_O	13	D	0.09	0.46	1.01	1.15	1.03	3.36	133.10	3.80	-3.50
3pnw_O	14	E	0.13	0.30	1.03	1.10	1.00	2.84	147.13	4.00	-3.50
3pnw_O	15	C	0.01	0.25	1.06	0.97	0.95	1.23	121.15	5.52	2.50
3pnw_O	16	F	0.04	0.23	1.10	0.91	0.92	0.14	165.19	5.52	2.80
3pnw_O	17	A	0.01	0.14	1.10	0.84	0.90	-2.71	89.09	5.57	1.80
3pnw_O	18	L	0.09	0.46	1.10	0.84	0.90	-2.71	131.17	5.52	3.80
3pnw_O	19	Y	0.08	0.88	1.03	0.88	0.92	-1.49	181.19	5.52	-1.30
3pnw_O	20	W	0.28	1.40	0.98	1.02	0.95	0.83	204.23	5.52	-0.90
3pnw_O	21	E	0.28	3.40	0.96	1.07	0.99	1.34	147.13	4.00	-3.50
3pnw_O	22	D	0.20	1.88	0.94	1.07	1.02	1.34	133.10	3.80	-3.50
3pnw_O	23	N	0.25	2.80	0.94	1.07	1.03	1.34	132.12	5.52	-3.50
3pnw_O	24	K	0.16	3.17	0.94	1.07	1.02	3.37	146.19	8.75	-3.90
3pnw_O	25	F	0.07	1.92	0.97	1.05	0.99	2.56	165.19	5.52	2.80
3pnw_O	26	Y	0.12	2.07	0.96	0.95	0.97	2.24	181.19	5.52	-1.30
3pnw_O	27	R	0.19	0.77	1.05	0.80	0.95	0.71	174.20	9.75	-4.50
3pnw_O	28	A	0.02	1.53	1.04	0.76	0.96	1.01	89.09	5.57	1.80
3pnw_O	29	E	0.11	0.99	1.04	0.77	0.96	2.63	147.13	4.00	-3.50
3pnw_O	30	V	0.01	0.42	1.05	0.69	0.96	1.59	117.15	5.49	4.20
3pnw_O	31	E	0.19	0.56	1.08	0.69	0.95	1.29	147.13	4.00	-3.50
3pnw_O	32	A	0.20	0.43	1.07	0.80	0.95	1.91	89.09	5.57	1.80
3pnw_O	33	L	0.05	0.78	1.10	0.90	0.97	1.73	131.17	5.52	3.80
3pnw_O	34	H	0.16	0.45	1.02	1.05	1.00	3.07	155.16	6.74	-3.20
3pnw_O	35	S	0.28	0.44	1.02	1.03	1.02	1.36	105.09	5.24	-0.80
3pnw_O	36	S	0.18	0.77	1.00	1.07	1.04	1.80	105.09	5.24	-0.80
3pnw_O	37	G	0.12	0.57	0.97	1.08	1.02	3.41	75.07	5.52	-0.40
3pnw_O	38	M	0.14	0.32	1.01	1.02	0.99	2.59	149.21	5.28	1.90
3pnw_O	39	T	0.18	0.17	1.06	0.89	0.96	1.13	119.12	5.19	-0.70
3pnw_O	40	A	0.01	0.35	1.05	0.83	0.95	1.01	89.09	5.57	1.80
3pnw_O	41	V	0.11	0.31	1.08	0.69	0.94	-1.11	117.15	5.49	4.20
3pnw_O	42	V	0.01	0.15	1.13	0.67	0.95	-1.66	117.15	5.49	4.20
3pnw_O	43	K	0.12	0.25	1.12	0.74	0.95	-0.97	146.19	8.75	-3.90
3pnw_O	44	F	0.10	0.52	1.14	0.81	0.94	-1.54	165.19	5.52	2.80
3pnw_O	45	I	0.08	0.70	1.07	0.96	0.94	-0.20	131.17	5.52	4.50
3pnw_O	46	D	0.18	0.56	0.98	1.11	0.95	1.33	133.10	3.80	-3.50
3pnw_O	47	Y	0.16	1.02	1.01	1.13	0.96	0.24	181.19	5.52	-1.30
3pnw_O	48	G	0.07	2.51	0.98	1.15	0.99	2.67	75.07	5.52	-0.40
3pnw_O	49	N	0.17	2.60	0.93	1.19	1.00	4.93	132.12	5.52	-3.50
3pnw_O	50	Y	0.14	1.23	1.01	1.05	1.00	2.97	181.19	5.52	-1.30
3pnw_O	51	E	0.12	1.03	1.02	0.98	1.00	1.93	147.13	4.00	-3.50
3pnw_O	52	E	0.24	0.53	1.07	0.84	0.99	-0.20	147.13	4.00	-3.50
3pnw_O	53	V	0.05	0.45	1.11	0.82	0.97	-0.27	117.15	5.49	4.20
3pnw_O	54	L	0.22	0.42	1.05	0.88	0.97	1.00	131.17	5.52	3.80
3pnw_O	55	L	0.05	0.17	1.10	0.84	0.98	-1.26	131.17	5.52	3.80
3pnw_O	56	S	0.15	0.46	1.11	0.88	1.00	-1.56	105.09	5.24	-0.80
3pnw_O	57	N	0.15	0.86	1.06	1.02	1.02	-0.73	132.12	5.52	-3.50
3pnw_O	58	I	0.01	0.73	1.05	1.01	0.00	-0.56	131.17	5.52	4.50
3pnw_O	59	K	0.08	0.00	0.00	0.00	0.00	0.00	146.19	8.75	-3.90
3pnw_O	60	P	0.06	0.00	0.00	0.00	0.00	0.00	115.13	5.96	-1.60
3pnw_O	61	I	0.05	0.00	0.00	0.00	0.00	0.00	131.17	5.52	4.50
4xak_A	1	G	0.08	0.00	0.00	0.00	0.00	0.00	75.07	5.52	-0.40
4xak_A	2	V	0.10	0.00	0.00	0.00	0.00	0.00	117.15	5.49	4.20
4xak_A	3	E	0.19	0.25	0.00	0.00	0.00	0.00	147.13	4.00	-3.50
4xak_A	4	C	0.09	0.34	1.07	1.07	0.97	2.64	121.15	5.52	2.50
4xak_A	5	D	0.15	0.71	1.10	1.06	0.96	2.13	133.10	3.80	-3.50
4xak_A	6	F	0.13	0.34	1.08	1.08	0.98	1.34	165.19	5.52	2.80
4xak_A	7	S	0.16	0.52	1.13	1.05	1.00	-1.09	105.09	5.24	-0.80
4xak_A	8	P	0.18	0.42	1.08	1.09	1.01	-0.36	115.13	5.96	-1.60
4xak_A	9	L	0.12	0.48	1.08	1.10	1.02	-0.97	131.17	5.52	3.80
4xak_A	10	L	0.14	0.52	1.05	1.15	1.03	1.09	131.17	5.52	3.80
4xak_A	11	S	0.17	0.52	1.06	1.17	1.04	0.46	105.09	5.24	-0.80
4xak_A	12	G	0.19	0.97	1.06	1.17	1.06	0.46	75.07	5.52	-0.40
4xak_A	13	T	0.21	2.03	1.03	1.22	1.07	2.63	119.12	5.19	-0.70
4xak_A	14	P	0.24	1.13	1.05	1.21	1.06	3.41	115.13	5.96	-1.60
4xak_A	15	P	0.21	1.78	1.07	1.17	1.03	2.21	115.13	5.96	-1.60
4xak_A	16	Q	0.22	1.99	1.05	1.17	1.00	2.40	146.15	5.52	-3.50
4xak_A	17	V	0.14	1.11	1.08	1.12	0.97	0.34	117.15	5.49	4.20
4xak_A	18	Y	0.20	1.44	1.06	1.04	0.96	0.86	181.19	5.52	-1.30
4xak_A	19	N	0.19	1.63	1.03	0.96	0.96	1.16	132.12	5.52	-3.50
4xak_A	20	F	0.16	1.81	1.07	0.91	0.97	-1.01	165.19	5.52	2.80
4xak_A	21	K	0.19	0.86	1.07	0.91	0.99	-1.01	146.19	8.75	-3.90
4xak_A	22	R	0.23	0.46	1.06	0.83	0.99	-2.06	174.20	9.75	-4.50
4xak_A	23	L	0.09	0.77	1.08	0.74	0.98	-2.31	131.17	5.52	3.80
4xak_A	24	V	0.12	0.62	1.03	0.88	0.97	0.00	117.15	5.49	4.20
4xak_A	25	F	0.15	0.17	1.10	0.91	0.97	-0.61	165.19	5.52	2.80
4xak_A	26	T	0.16	0.33	1.09	0.99	0.97	-0.21	119.12	5.19	-0.70
4xak_A	27	N	0.19	0.70	1.07	1.07	0.98	0.83	132.12	5.52	-3.50
4xak_A	28	C	0.14	1.29	0.99	1.22	0.97	2.36	121.15	5.52	2.50
4xak_A	29	N	0.22	0.74	1.01	1.22	0.96	2.36	132.12	5.52	-3.50
4xak_A	30	Y	0.17	0.66	1.01	1.22	0.96	2.36	181.19	5.52	-1.30
4xak_A	31	N	0.15	2.47	1.03	1.14	0.97	2.17	132.12	5.52	-3.50
4xak_A	32	L	0.12	1.27	1.01	1.06	0.99	0.66	131.17	5.52	3.80
4xak_A	33	T	0.16	0.67	1.08	0.92	1.00	-1.66	119.12	5.19	-0.70
4xak_A	34	K	0.17	0.56	1.05	0.96	1.00	-0.46	146.19	8.75	-3.90
4xak_A	35	L	0.08	0.56	1.12	0.82	0.99	-2.77	131.17	5.52	3.80
4xak_A	36	L	0.15	0.33	1.10	0.82	0.97	-2.77	131.17	5.52	3.80
4xak_A	37	S	0.15	0.22	1.11	0.89	0.95	-2.59	105.09	5.24	-0.80
4xak_A	38	L	0.13	0.20	1.18	0.82	0.94	-3.93	131.17	5.52	3.80
4xak_A	39	F	0.13	0.39	1.11	0.96	0.94	-1.61	165.19	5.52	2.80
4xak_A	40	S	0.18	0.49	1.06	1.08	0.96	1.13	105.09	5.24	-0.80
4xak_A	41	V	0.15	0.51	1.07	0.96	0.98	-1.11	117.15	5.49	4.20
4xak_A	42	N	0.20	0.86	1.02	1.02	0.99	0.94	132.12	5.52	-3.50
4xak_A	43	D	0.18	0.34	1.06	1.10	0.99	2.46	133.10	3.80	-3.50
4xak_A	44	F	0.16	0.62	1.06	1.10	0.98	2.46	165.19	5.52	2.80
4xak_A	45	T	0.14	0.67	1.01	1.17	0.98	3.84	119.12	5.19	-0.70
4xak_A	46	C	0.11	0.28	1.07	1.01	0.99	1.70	121.15	5.52	2.50
4xak_A	47	S	0.13	0.43	1.09	1.01	1.00	1.20	105.09	5.24	-0.80
4xak_A	48	Q	0.17	0.46	1.08	1.14	1.02	2.81	146.15	5.52	-3.50
4xak_A	49	I	0.12	0.87	1.10	1.10	1.03	2.37	131.17	5.52	4.50
4xak_A	50	S	0.14	0.66	1.05	1.02	1.02	2.47	105.09	5.24	-0.80
4xak_A	51	P	0.15	0.27	1.07	0.88	1.00	0.40	115.13	5.96	-1.60
4xak_A	52	A	0.14	0.38	1.08	0.84	0.97	-0.16	89.09	5.57	1.80
4xak_A	53	A	0.12	0.38	1.06	0.98	0.95	1.91	89.09	5.57	1.80
4xak_A	54	I	0.11	0.40	1.03	0.99	0.94	1.99	131.17	5.52	4.50
4xak_A	55	A	0.14	0.21	1.08	0.95	0.95	1.89	89.09	5.57	1.80
4xak_A	56	S	0.15	0.33	1.09	1.02	0.96	1.31	105.09	5.24	-0.80
4xak_A	57	N	0.17	0.63	1.08	1.13	0.97	1.94	132.12	5.52	-3.50
4xak_A	58	C	0.10	0.83	1.06	1.26	0.97	4.01	121.15	5.52	2.50
4xak_A	59	Y	0.17	0.51	1.09	1.25	0.98	2.40	181.19	5.52	-1.30
4xak_A	60	S	0.13	0.22	1.11	1.12	0.98	0.33	105.09	5.24	-0.80
4xak_A	61	S	0.14	0.34	1.18	0.98	0.98	-1.99	105.09	5.24	-0.80
4xak_A	62	L	0.09	0.37	1.10	1.02	0.97	-0.76	131.17	5.52	3.80
4xak_A	63	I	0.14	0.43	1.10	1.02	0.95	-0.76	131.17	5.52	4.50
4xak_A	64	L	0.17	0.28	1.11	0.90	0.94	-3.00	131.17	5.52	3.80
4xak_A	65	D	0.19	0.45	1.11	0.90	0.93	-3.00	133.10	3.80	-3.50
4xak_A	66	Y	0.20	1.01	1.10	0.98	0.93	-1.96	181.19	5.52	-1.30
4xak_A	67	F	0.21	1.89	1.09	1.13	0.93	-0.51	165.19	5.52	2.80
4xak_A	68	S	0.21	0.93	1.09	1.13	0.93	-0.51	105.09	5.24	-0.80
4xak_A	69	Y	0.18	0.80	1.11	1.12	0.94	-1.01	181.19	5.52	-1.30
4xak_A	70	P	0.17	0.91	1.06	1.04	0.94	-1.34	115.13	5.96	-1.60
4xak_A	71	L	0.13	1.36	1.04	1.10	0.95	0.79	131.17	5.52	3.80
4xak_A	72	S	0.15	1.16	1.04	1.10	0.97	0.79	105.09	5.24	-0.80
4xak_A	73	M	0.12	1.25	0.99	1.15	1.01	2.49	149.21	5.28	1.90
4xak_A	74	K	0.21	1.25	1.02	1.02	1.04	0.87	146.19	8.75	-3.90
4xak_A	75	S	0.14	1.25	0.99	1.14	1.05	3.11	105.09	5.24	-0.80
4xak_A	76	D	0.19	0.94	1.04	1.00	1.04	1.66	133.10	3.80	-3.50
4xak_A	77	L	0.14	0.63	1.07	1.12	1.02	3.19	131.17	5.52	3.80
4xak_A	78	S	0.15	0.63	1.08	1.18	1.00	3.30	105.09	5.24	-0.80
4xak_A	79	V	0.12	0.38	1.09	1.07	1.00	2.67	117.15	5.49	4.20
4xak_A	80	S	0.16	0.46	1.09	1.09	1.01	2.06	105.09	5.24	-0.80
4xak_A	81	S	0.16	0.53	1.06	1.22	1.03	3.67	105.09	5.24	-0.80
4xak_A	82	A	0.15	0.50	1.08	1.08	1.04	1.60	89.09	5.57	1.80
4xak_A	83	G	0.19	0.50	1.03	1.21	1.05	3.06	75.07	5.52	-0.40
4xak_A	84	P	0.19	0.64	1.03	1.15	1.05	2.99	115.13	5.96	-1.60
4xak_A	85	I	0.15	0.55	1.04	1.03	1.03	0.74	131.17	5.52	4.50
4xak_A	86	S	0.14	0.90	1.00	1.16	1.02	1.44	105.09	5.24	-0.80
4xak_A	87	Q	0.18	0.91	1.04	1.10	1.00	0.36	146.15	5.52	-3.50
4xak_A	88	F	0.15	2.60	1.02	1.03	0.98	0.87	165.19	5.52	2.80
4xak_A	89	N	0.24	3.36	1.00	1.10	0.99	2.87	132.12	5.52	-3.50
4xak_A	90	Y	0.20	2.60	1.00	1.10	1.01	2.87	181.19	5.52	-1.30
4xak_A	91	K	0.24	2.60	1.01	1.05	1.03	0.70	146.19	8.75	-3.90
4xak_A	92	Q	0.19	2.16	1.00	1.16	1.05	2.94	146.15	5.52	-3.50
4xak_A	93	S	0.15	2.22	1.00	1.16	1.05	2.94	105.09	5.24	-0.80
4xak_A	94	F	0.23	1.72	0.99	1.22	1.04	3.51	165.19	5.52	2.80
4xak_A	95	S	0.18	1.43	0.98	1.21	1.05	3.44	105.09	5.24	-0.80
4xak_A	96	N	0.22	0.57	1.04	1.24	1.04	2.79	132.12	5.52	-3.50
4xak_A	97	P	0.17	0.55	1.07	1.12	1.03	0.54	115.13	5.96	-1.60
4xak_A	98	T	0.16	0.29	1.08	1.10	1.00	0.71	119.12	5.19	-0.70
4xak_A	99	C	0.11	0.15	1.12	0.98	0.96	-1.53	121.15	5.52	2.50
4xak_A	100	L	0.11	0.10	1.16	0.85	0.93	-2.23	131.17	5.52	3.80
4xak_A	101	I	0.13	0.10	1.14	0.77	0.92	-1.79	131.17	5.52	4.50
4xak_A	102	L	0.10	0.13	1.20	0.71	0.92	-3.06	131.17	5.52	3.80
4xak_A	103	A	0.10	0.25	1.15	0.76	0.93	-2.96	89.09	5.57	1.80
4xak_A	104	T	0.13	0.48	1.13	0.81	0.94	-1.34	119.12	5.19	-0.70
4xak_A	105	V	0.15	0.94	1.08	0.96	0.95	0.80	117.15	5.49	4.20
4xak_A	106	P	0.17	0.77	1.08	0.96	0.95	0.80	115.13	5.96	-1.60
4xak_A	107	H	0.16	0.77	1.06	1.01	0.96	1.24	155.16	6.74	-3.20
4xak_A	108	N	0.17	1.49	1.06	1.01	0.97	1.24	132.12	5.52	-3.50
4xak_A	109	L	0.12	0.68	1.02	1.00	0.99	0.63	131.17	5.52	3.80
4xak_A	110	T	0.19	0.72	1.00	0.92	1.01	1.07	119.12	5.19	-0.70
4xak_A	111	T	0.14	0.89	0.98	0.93	1.03	1.59	119.12	5.19	-0.70
4xak_A	112	I	0.16	1.67	1.02	0.92	1.04	0.89	131.17	5.52	4.50
4xak_A	113	T	0.16	0.95	1.02	0.92	1.05	0.89	119.12	5.19	-0.70
4xak_A	114	K	0.20	1.32	1.02	0.93	1.05	0.96	146.19	8.75	-3.90
4xak_A	115	P	0.14	2.96	1.06	0.96	1.04	-0.06	115.13	5.96	-1.60
4xak_A	116	L	0.13	2.75	1.04	1.09	1.02	2.01	131.17	5.52	3.80
4xak_A	117	K	0.19	2.15	1.07	1.12	1.00	1.00	146.19	8.75	-3.90
4xak_A	118	Y	0.17	0.98	1.10	1.04	0.97	-0.96	181.19	5.52	-1.30
4xak_A	119	S	0.12	1.90	1.06	1.05	0.95	-0.26	105.09	5.24	-0.80
4xak_A	120	Y	0.19	1.90	1.02	1.11	0.95	1.87	181.19	5.52	-1.30
4xak_A	121	I	0.17	0.65	1.09	1.13	0.96	1.26	131.17	5.52	4.50
4xak_A	122	N	0.22	0.65	1.06	1.18	0.98	2.46	132.12	5.52	-3.50
4xak_A	123	K	0.19	0.81	1.05	1.11	1.00	2.13	146.19	8.75	-3.90
4xak_A	124	C	0.15	1.00	1.04	1.03	1.01	1.09	121.15	5.52	2.50
4xak_A	125	S	0.15	0.52	1.05	1.05	1.00	0.91	105.09	5.24	-0.80
4xak_A	126	R	0.26	0.21	1.12	0.91	0.99	-1.40	174.20	9.75	-4.50
4xak_A	127	F	0.14	0.53	1.13	0.97	0.97	-1.29	165.19	5.52	2.80
4xak_A	128	L	0.13	0.66	1.05	1.01	0.97	-0.06	131.17	5.52	3.80
4xak_A	129	L	0.11	0.56	1.03	1.01	0.98	0.44	131.17	5.52	3.80
4xak_A	130	S	0.14	1.28	1.03	1.01	1.00	0.44	105.09	5.24	-0.80
4xak_A	131	D	0.23	2.23	1.00	1.06	1.02	2.50	133.10	3.80	-3.50
4xak_A	132	D	0.24	4.69	0.95	1.08	1.04	4.93	133.10	3.80	-3.50
4xak_A	133	R	0.32	2.60	0.97	1.07	1.04	5.71	174.20	9.75	-4.50
4xak_A	134	T	0.19	2.41	0.97	1.08	1.04	5.09	119.12	5.19	-0.70
4xak_A	135	E	0.26	2.49	0.99	1.02	1.04	4.51	147.13	4.00	-3.50
4xak_A	136	V	0.15	1.05	1.05	0.89	1.03	1.77	117.15	5.49	4.20
4xak_A	137	P	0.20	0.54	1.12	0.83	1.02	0.64	115.13	5.96	-1.60
4xak_A	138	Q	0.19	0.50	1.10	0.91	1.00	0.90	146.15	5.52	-3.50
4xak_A	139	L	0.14	0.68	1.13	0.90	0.99	0.09	131.17	5.52	3.80
4xak_A	140	V	0.15	0.71	1.05	1.05	0.98	1.61	117.15	5.49	4.20
4xak_A	141	N	0.24	0.71	1.04	0.98	0.98	2.17	132.12	5.52	-3.50
4xak_A	142	A	0.17	1.35	1.06	1.00	0.99	1.04	89.09	5.57	1.80
4xak_A	143	N	0.27	2.44	1.03	1.12	1.00	3.29	132.12	5.52	-3.50
4xak_A	144	Q	0.26	2.34	0.98	1.26	1.01	4.11	146.15	5.52	-3.50
4xak_A	145	Y	0.26	1.24	1.07	1.21	1.01	3.31	181.19	5.52	-1.30
4xak_A	146	S	0.17	0.57	1.12	1.19	1.00	2.49	105.09	5.24	-0.80
4xak_A	147	P	0.15	0.44	1.15	1.17	0.99	2.41	115.13	5.96	-1.60
4xak_A	148	C	0.12	0.20	1.17	1.10	0.96	0.41	121.15	5.52	2.50
4xak_A	149	V	0.12	0.11	1.20	1.01	0.94	0.16	117.15	5.49	4.20
4xak_A	150	S	0.13	0.11	1.21	1.02	0.93	-0.47	105.09	5.24	-0.80
4xak_A	151	I	0.10	0.27	1.20	1.01	0.95	0.16	131.17	5.52	4.50
4xak_A	152	V	0.17	0.53	1.13	0.97	0.99	0.70	117.15	5.49	4.20
4xak_A	153	P	0.15	0.30	1.13	0.97	1.02	0.70	115.13	5.96	-1.60
4xak_A	154	S	0.14	0.44	1.11	0.91	1.04	-1.66	105.09	5.24	-0.80
4xak_A	155	T	0.15	1.04	1.07	0.94	1.03	0.60	119.12	5.19	-0.70
4xak_A	156	V	0.14	1.12	1.00	1.08	1.01	2.56	117.15	5.49	4.20
4xak_A	157	W	0.27	0.83	0.97	1.09	1.00	3.07	204.23	5.52	-0.90
4xak_A	158	E	0.26	0.96	0.95	1.09	1.02	3.57	147.13	4.00	-3.50
4xak_A	159	D	0.22	2.02	0.98	1.12	1.03	2.56	133.10	3.80	-3.50
4xak_A	160	G	0.19	3.01	0.95	1.21	1.04	2.81	75.07	5.52	-0.40
4xak_A	161	D	0.23	3.40	0.95	1.21	1.04	4.84	133.10	3.80	-3.50
4xak_A	162	Y	0.21	4.07	0.96	1.25	1.02	4.54	181.19	5.52	-1.30
4xak_A	163	Y	0.16	7.13	0.98	1.18	1.01	3.97	181.19	5.52	-1.30
4xak_A	164	R	0.26	3.52	1.04	1.04	1.01	1.84	174.20	9.75	-4.50
4xak_A	165	K	0.15	3.01	1.06	1.03	1.02	1.34	146.19	8.75	-3.90
4xak_A	166	Q	0.17	2.97	1.04	1.09	1.03	1.91	146.15	5.52	-3.50
4xak_A	167	L	0.11	1.25	1.06	1.01	1.03	0.87	131.17	5.52	3.80
4xak_A	168	S	0.17	1.08	1.05	0.98	1.03	1.39	105.09	5.24	-0.80
4xak_A	169	P	0.20	0.62	1.05	1.06	1.04	1.39	115.13	5.96	-1.60
4xak_A	170	L	0.17	0.74	1.02	1.14	1.04	1.34	131.17	5.52	3.80
4xak_A	171	E	0.30	0.55	0.97	1.28	1.06	3.47	147.13	4.00	-3.50
4xak_A	172	G	0.16	0.37	0.95	1.21	1.07	1.11	75.07	5.52	-0.40
4xak_A	173	G	0.17	0.37	0.98	1.08	1.06	-0.50	75.07	5.52	-0.40
4xak_A	174	G	0.15	0.16	1.00	1.07	1.03	0.29	75.07	5.52	-0.40
4xak_A	175	W	0.17	0.16	1.03	1.06	0.98	-0.53	204.23	5.52	-0.90
4xak_A	176	L	0.08	0.22	1.05	1.04	0.96	-0.41	131.17	5.52	3.80
4xak_A	177	V	0.10	0.22	1.05	1.04	0.96	-0.41	117.15	5.49	4.20
4xak_A	178	A	0.10	0.28	1.07	1.02	0.99	-0.30	89.09	5.57	1.80
4xak_A	179	S	0.14	0.49	1.07	1.02	1.04	1.87	105.09	5.24	-0.80
4xak_A	180	G	0.17	0.49	1.09	1.01	1.07	2.66	75.07	5.52	-0.40
4xak_A	181	S	0.20	0.49	1.05	1.03	1.07	3.49	105.09	5.24	-0.80
4xak_A	182	T	0.18	0.36	1.01	1.02	1.03	2.59	119.12	5.19	-0.70
4xak_A	183	V	0.15	0.53	1.00	0.95	0.99	2.40	117.15	5.49	4.20
4xak_A	184	A	0.15	0.69	0.99	0.84	0.96	2.70	89.09	5.57	1.80
4xak_A	185	M	0.16	0.82	0.99	0.77	0.96	2.63	149.21	5.28	1.90
4xak_A	186	T	0.17	0.91	1.04	0.72	0.99	0.57	119.12	5.19	-0.70
4xak_A	187	E	0.20	1.57	0.99	0.79	1.00	1.96	147.13	4.00	-3.50
4xak_A	188	Q	0.17	1.57	0.96	0.78	1.00	1.06	146.15	5.52	-3.50
4xak_A	189	L	0.13	1.08	0.96	0.92	0.98	2.47	131.17	5.52	3.80
4xak_A	190	Q	0.21	0.54	0.99	0.86	0.95	0.41	146.15	5.52	-3.50
4xak_A	191	M	0.19	0.31	0.99	0.98	0.93	0.11	149.21	5.28	1.90
4xak_A	192	G	0.18	0.26	1.01	0.91	0.93	-1.89	75.07	5.52	-0.40
4xak_A	193	F	0.22	0.22	0.96	0.96	0.94	0.17	165.19	5.52	2.80
4xak_A	194	G	0.18	0.16	1.02	0.89	0.95	-1.21	75.07	5.52	-0.40
4xak_A	195	I	0.14	0.29	1.04	0.95	0.95	0.24	131.17	5.52	4.50
4xak_A	196	T	0.15	0.52	1.08	0.89	0.95	-0.84	119.12	5.19	-0.70
4xak_A	197	V	0.11	0.52	1.05	1.02	0.95	1.29	117.15	5.49	4.20
4xak_A	198	Q	0.20	1.06	1.06	0.94	0.96	1.21	146.15	5.52	-3.50
4xak_A	199	Y	0.23	1.23	1.02	1.08	0.98	3.79	181.19	5.52	-1.30
4xak_A	200	G	0.18	2.39	1.02	1.08	1.01	3.79	75.07	5.52	-0.40
4xak_A	201	T	0.20	2.22	0.93	1.23	1.04	5.31	119.12	5.19	-0.70
4xak_A	202	D	0.26	1.90	0.93	1.30	1.06	5.39	133.10	3.80	-3.50
4xak_A	203	T	0.19	1.43	0.96	1.20	1.06	5.13	119.12	5.19	-0.70
4xak_A	204	N	0.24	0.53	1.04	1.15	1.04	4.51	132.12	5.52	-3.50
4xak_A	205	S	0.13	0.49	1.06	1.23	1.02	4.07	105.09	5.24	-0.80
4xak_A	206	V	0.13	0.68	1.07	1.17	1.00	3.46	117.15	5.49	4.20
4xak_A	207	C	0.10	0.35	1.12	1.11	0.99	1.40	121.15	5.52	2.50
4xak_A	208	P	0.13	0.45	1.13	1.00	1.00	1.51	115.13	5.96	-1.60
4xak_A	209	K	0.17	0.53	1.14	0.88	1.00	-0.73	146.19	8.75	-3.90
4xak_A	210	L	0.07	0.99	1.09	0.90	0.00	0.10	131.17	5.52	3.80
4xak_A	211	E	0.16	0.00	0.00	0.00	0.00	0.00	147.13	4.00	-3.50
4xak_A	212	F	0.13	0.00	0.00	0.00	0.00	0.00	165.19	5.52	2.80
4xak_A	213	A	0.09	0.00	0.00	0.00	0.00	0.00	89.09	5.57	1.80
7chz_I	1	P	0.14	0.00	0.00	0.00	0.00	0.00	115.13	5.96	-1.60
7chz_I	2	V	0.15	0.00	0.00	0.00	0.00	0.00	117.15	5.49	4.20
7chz_I	3	R	0.26	0.66	0.00	0.00	0.00	0.00	174.20	9.75	-4.50
7chz_I	4	S	0.19	0.23	1.11	1.11	1.00	1.19	105.09	5.24	-0.80
7chz_I	5	L	0.16	0.45	1.09	1.03	0.98	1.63	131.17	5.52	3.80
7chz_I	6	N	0.18	0.19	1.07	1.04	0.97	0.84	132.12	5.52	-3.50
7chz_I	7	C	0.03	0.27	1.07	1.04	0.96	0.84	121.15	5.52	2.50
7chz_I	8	T	0.10	0.56	1.05	1.04	0.96	1.34	119.12	5.19	-0.70
7chz_I	9	L	0.01	0.46	1.01	1.16	0.99	3.59	131.17	5.52	3.80
7chz_I	10	R	0.16	1.50	1.05	1.08	1.03	3.44	174.20	9.75	-4.50
7chz_I	11	D	0.08	1.80	0.99	1.05	1.07	4.10	133.10	3.80	-3.50
7chz_I	12	S	0.23	4.36	0.99	1.06	1.11	4.17	105.09	5.24	-0.80
7chz_I	13	Q	0.27	2.98	0.96	1.18	1.12	6.41	146.15	5.52	-3.50
7chz_I	14	Q	0.28	1.47	1.01	1.13	1.12	4.50	146.15	5.52	-3.50
7chz_I	15	K	0.30	0.81	1.09	0.99	1.08	2.54	146.19	8.75	-3.90
7chz_I	16	S	0.11	0.47	1.06	0.87	1.03	1.01	105.09	5.24	-0.80
7chz_I	17	L	0.02	0.36	1.06	0.93	0.99	1.09	131.17	5.52	3.80
7chz_I	18	V	0.09	0.18	1.04	1.02	0.97	1.04	117.15	5.49	4.20
7chz_I	19	M	0.08	0.21	1.06	1.09	0.98	0.53	149.21	5.28	1.90
7chz_I	20	S	0.21	0.39	1.08	1.05	1.01	-0.67	105.09	5.24	-0.80
7chz_I	21	G	0.23	0.91	1.02	1.07	1.03	1.76	75.07	5.52	-0.40
7chz_I	22	P	0.25	0.76	1.01	1.08	1.03	0.97	115.13	5.96	-1.60
7chz_I	23	Y	0.23	1.13	1.02	1.14	1.01	2.39	181.19	5.52	-1.30
7chz_I	24	E	0.22	1.16	1.03	1.03	0.99	1.76	147.13	4.00	-3.50
7chz_I	25	L	0.02	0.62	1.08	0.89	0.98	-0.37	131.17	5.52	3.80
7chz_I	26	K	0.28	0.54	1.09	0.81	0.97	-0.37	146.19	8.75	-3.90
7chz_I	27	A	0.04	0.26	1.10	0.73	0.96	-1.41	89.09	5.57	1.80
7chz_I	28	L	0.24	0.54	1.12	0.77	0.95	-1.67	131.17	5.52	3.80
7chz_I	29	H	0.30	0.27	1.07	0.91	0.96	0.46	155.16	6.74	-3.20
7chz_I	30	L	0.16	0.45	1.08	0.90	0.99	0.50	131.17	5.52	3.80
7chz_I	31	Q	0.30	0.92	1.05	1.02	1.03	1.63	146.15	5.52	-3.50
7chz_I	32	G	0.22	0.67	0.99	1.02	1.07	2.34	75.07	5.52	-0.40
7chz_I	33	Q	0.24	1.41	0.96	0.99	1.08	3.16	146.15	5.52	-3.50
7chz_I	34	D	0.27	1.41	0.92	1.04	1.08	5.33	133.10	3.80	-3.50
7chz_I	35	M	0.25	2.46	0.92	1.04	1.06	5.33	149.21	5.28	1.90
7chz_I	36	E	0.27	1.06	1.00	0.89	1.05	3.99	147.13	4.00	-3.50
7chz_I	37	Q	0.28	0.47	1.05	0.82	1.04	2.60	146.15	5.52	-3.50
7chz_I	38	Q	0.27	0.41	1.08	0.70	1.01	-0.14	146.15	5.52	-3.50
7chz_I	39	V	0.12	0.32	1.11	0.82	0.98	1.39	117.15	5.49	4.20
7chz_I	40	V	0.12	0.18	1.10	0.80	0.95	-0.33	117.15	5.49	4.20
7chz_I	41	F	0.04	0.14	1.10	0.86	0.93	-0.26	165.19	5.52	2.80
7chz_I	42	S	0.11	0.16	1.11	0.81	0.92	-2.43	105.09	5.24	-0.80
7chz_I	43	M	0.09	0.16	1.11	0.81	0.93	-2.43	149.21	5.28	1.90
7chz_I	44	S	0.12	0.33	1.06	0.88	0.93	-1.04	105.09	5.24	-0.80
7chz_I	45	F	0.20	0.24	1.03	1.01	0.95	1.09	165.19	5.52	2.80
7chz_I	46	V	0.11	0.42	1.01	0.92	0.98	1.27	117.15	5.49	4.20
7chz_I	47	Q	0.19	0.55	1.01	0.94	1.02	2.99	146.15	5.52	-3.50
7chz_I	48	G	0.16	0.85	1.01	0.94	1.07	2.99	75.07	5.52	-0.40
7chz_I	49	E	0.22	1.83	0.97	1.07	1.10	5.30	147.13	4.00	-3.50
7chz_I	50	E	0.24	1.77	0.89	1.21	1.11	7.26	147.13	4.00	-3.50
7chz_I	51	S	0.21	3.58	0.88	1.21	1.11	7.21	105.09	5.24	-0.80
7chz_I	52	N	0.24	1.45	0.92	1.06	1.10	5.26	132.12	5.52	-3.50
7chz_I	53	D	0.20	1.29	0.95	1.17	1.07	4.44	133.10	3.80	-3.50
7chz_I	54	K	0.17	0.72	1.03	1.14	1.04	2.80	146.19	8.75	-3.90
7chz_I	55	I	0.10	0.45	1.03	1.03	1.00	2.17	131.17	5.52	4.50
7chz_I	56	P	0.07	0.22	1.10	0.89	0.97	-0.14	115.13	5.96	-1.60
7chz_I	57	V	0.02	0.11	1.10	0.90	0.94	-0.76	117.15	5.49	4.20
7chz_I	58	A	0.03	0.13	1.15	0.84	0.93	-2.89	89.09	5.57	1.80
7chz_I	59	L	0.02	0.17	1.12	0.92	0.94	-0.93	131.17	5.52	3.80
7chz_I	60	G	0.06	0.39	1.09	0.81	0.97	-0.11	75.07	5.52	-0.40
7chz_I	61	L	0.05	0.77	1.02	0.88	1.00	1.23	131.17	5.52	3.80
7chz_I	62	K	0.22	1.51	0.98	1.01	1.03	1.93	146.19	8.75	-3.90
7chz_I	63	E	0.23	1.25	0.98	1.01	1.05	1.93	147.13	4.00	-3.50
7chz_I	64	K	0.20	2.38	1.02	0.95	1.04	0.84	146.19	8.75	-3.90
7chz_I	65	N	0.21	0.98	1.02	0.95	1.01	0.84	132.12	5.52	-3.50
7chz_I	66	L	0.09	0.76	1.03	1.01	0.97	0.96	131.17	5.52	3.80
7chz_I	67	Y	0.08	0.20	1.11	1.07	0.93	0.04	181.19	5.52	-1.30
7chz_I	68	L	0.01	0.09	1.18	1.00	0.92	-1.30	131.17	5.52	3.80
7chz_I	69	S	0.05	0.09	1.25	0.86	0.91	-3.61	105.09	5.24	-0.80
7chz_I	70	C	0.03	0.12	1.20	0.92	0.92	-1.49	121.15	5.52	2.50
7chz_I	71	V	0.08	0.24	1.16	0.97	0.95	0.21	117.15	5.49	4.20
7chz_I	72	L	0.32	0.30	1.10	1.09	0.98	2.96	131.17	5.52	3.80
7chz_I	73	K	0.31	1.13	1.09	1.03	1.01	2.84	146.19	8.75	-3.90
7chz_I	74	D	0.35	2.36	1.04	1.08	1.03	2.94	133.10	3.80	-3.50
7chz_I	75	D	0.31	4.12	0.97	1.14	1.05	4.21	133.10	3.80	-3.50
7chz_I	76	K	0.27	1.70	0.97	1.14	1.05	4.21	146.19	8.75	-3.90
7chz_I	77	P	0.17	1.76	0.99	1.14	1.04	4.26	115.13	5.96	-1.60
7chz_I	78	T	0.21	0.87	1.04	1.02	1.01	1.51	119.12	5.19	-0.70
7chz_I	79	L	0.02	0.75	1.04	0.91	0.99	1.20	131.17	5.52	3.80
7chz_I	80	Q	0.25	0.65	1.05	0.97	0.98	1.31	146.15	5.52	-3.50
7chz_I	81	L	0.06	0.34	1.10	0.83	0.98	0.49	131.17	5.52	3.80
7chz_I	82	E	0.23	0.68	1.09	0.90	1.00	1.17	147.13	4.00	-3.50
7chz_I	83	S	0.30	0.61	1.06	1.03	1.02	2.79	105.09	5.24	-0.80
7chz_I	84	V	0.15	1.47	1.05	1.04	1.04	2.74	117.15	5.49	4.20
7chz_I	85	D	0.27	1.37	0.98	1.17	1.05	5.06	133.10	3.80	-3.50
7chz_I	86	P	0.23	1.60	1.03	1.23	1.05	3.67	115.13	5.96	-1.60
7chz_I	87	K	0.33	3.33	1.03	1.24	1.05	3.04	146.19	8.75	-3.90
7chz_I	88	N	0.26	3.99	0.97	1.32	1.04	4.39	132.12	5.52	-3.50
7chz_I	89	Y	0.28	5.16	0.98	1.25	1.04	3.77	181.19	5.52	-1.30
7chz_I	90	P	0.29	5.16	0.96	1.18	1.05	4.29	115.13	5.96	-1.60
7chz_I	91	K	0.32	3.18	0.95	1.12	1.06	2.87	146.19	8.75	-3.90
7chz_I	92	K	0.31	3.51	0.96	1.00	1.06	2.99	146.19	8.75	-3.90
7chz_I	93	K	0.26	4.54	0.92	0.99	1.06	4.07	146.19	8.75	-3.90
7chz_I	94	M	0.19	4.45	0.90	0.90	1.04	4.37	149.21	5.28	1.90
7chz_I	95	E	0.22	1.93	0.92	0.85	1.03	2.24	147.13	4.00	-3.50
7chz_I	96	K	0.24	0.71	0.98	0.77	1.02	0.90	146.19	8.75	-3.90
7chz_I	97	R	0.25	0.63	1.01	0.71	0.99	-1.23	174.20	9.75	-4.50
7chz_I	98	F	0.09	0.58	1.00	0.85	0.97	0.37	165.19	5.52	2.80
7chz_I	99	V	0.06	0.58	1.01	0.89	0.96	0.07	117.15	5.49	4.20
7chz_I	100	F	0.03	0.21	1.04	0.81	0.96	-1.89	165.19	5.52	2.80
7chz_I	101	N	0.19	0.42	1.04	0.78	0.98	-1.37	132.12	5.52	-3.50
7chz_I	102	K	0.13	0.39	1.05	0.76	1.00	-1.20	146.19	8.75	-3.90
7chz_I	103	I	0.19	0.73	0.96	0.92	1.00	0.33	131.17	5.52	4.50
7chz_I	104	E	0.21	0.73	0.92	1.05	1.00	2.64	147.13	4.00	-3.50
7chz_I	105	I	0.22	0.73	0.94	0.97	1.01	2.46	131.17	5.52	4.50
7chz_I	106	N	0.26	0.86	0.98	0.91	1.02	0.33	132.12	5.52	-3.50
7chz_I	107	N	0.24	0.86	0.94	0.95	1.03	2.59	132.12	5.52	-3.50
7chz_I	108	K	0.20	1.06	0.98	0.93	1.02	0.16	146.19	8.75	-3.90
7chz_I	109	L	0.08	1.14	0.93	0.97	1.00	2.41	131.17	5.52	3.80
7chz_I	110	E	0.15	0.95	0.97	0.95	0.99	2.34	147.13	4.00	-3.50
7chz_I	111	F	0.02	0.48	1.01	0.82	0.99	1.64	165.19	5.52	2.80
7chz_I	112	E	0.06	1.01	1.02	0.82	0.99	1.69	147.13	4.00	-3.50
7chz_I	113	S	0.05	0.50	1.00	0.82	0.99	1.69	105.09	5.24	-0.80
7chz_I	114	A	0.07	0.90	1.03	0.93	0.99	0.87	89.09	5.57	1.80
7chz_I	115	Q	0.16	0.84	0.98	1.07	0.99	3.19	146.15	5.52	-3.50
7chz_I	116	F	0.23	0.66	0.99	1.10	0.98	0.64	165.19	5.52	2.80
7chz_I	117	P	0.28	1.02	1.01	1.06	0.98	-0.56	115.13	5.96	-1.60
7chz_I	118	N	0.19	0.41	1.02	1.03	0.96	-2.00	132.12	5.52	-3.50
7chz_I	119	W	0.19	0.64	1.02	1.10	0.95	-1.93	204.23	5.52	-0.90
7chz_I	120	Y	0.10	0.59	1.00	1.15	0.94	0.13	181.19	5.52	-1.30
7chz_I	121	I	0.02	0.50	0.99	1.14	0.96	0.76	131.17	5.52	4.50
7chz_I	122	S	0.11	0.82	1.02	1.05	1.00	0.61	105.09	5.24	-0.80
7chz_I	123	T	0.03	0.53	1.05	1.01	1.04	2.34	119.12	5.19	-0.70
7chz_I	124	S	0.17	1.30	1.00	0.95	1.07	3.73	105.09	5.24	-0.80
7chz_I	125	Q	0.27	1.56	0.95	1.11	1.06	5.87	146.15	5.52	-3.50
7chz_I	126	A	0.29	1.07	0.92	0.99	1.05	4.34	89.09	5.57	1.80
7chz_I	127	E	0.36	1.24	0.94	1.07	1.02	3.90	147.13	4.00	-3.50
7chz_I	128	N	0.25	0.53	1.00	0.94	0.99	2.44	132.12	5.52	-3.50
7chz_I	129	M	0.24	0.45	1.01	0.88	0.97	0.27	149.21	5.28	1.90
7chz_I	130	P	0.17	0.22	1.03	0.87	0.95	-1.34	115.13	5.96	-1.60
7chz_I	131	V	0.02	0.13	1.04	0.99	0.94	-1.64	117.15	5.49	4.20
7chz_I	132	F	0.21	0.13	1.05	0.99	0.96	-1.83	165.19	5.52	2.80
7chz_I	133	L	0.06	0.12	1.06	1.04	0.99	-0.49	131.17	5.52	3.80
7chz_I	134	G	0.25	0.33	1.04	0.97	1.03	0.03	75.07	5.52	-0.40
7chz_I	135	G	0.30	0.38	0.97	1.12	1.07	1.37	75.07	5.52	-0.40
7chz_I	136	T	0.22	0.46	0.94	1.26	1.09	3.50	119.12	5.19	-0.70
7chz_I	137	K	0.33	0.80	0.91	1.31	1.11	5.67	146.19	8.75	-3.90
7chz_I	138	G	0.23	1.35	0.91	1.30	1.12	6.29	75.07	5.52	-0.40
7chz_I	139	G	0.26	0.66	0.95	1.14	1.12	4.33	75.07	5.52	-0.40
7chz_I	140	Q	0.29	0.47	0.95	1.14	1.11	4.33	146.15	5.52	-3.50
7chz_I	141	D	0.28	0.80	0.94	1.21	1.09	4.94	133.10	3.80	-3.50
7chz_I	142	I	0.22	0.70	0.97	1.07	1.06	2.81	131.17	5.52	4.50
7chz_I	143	T	0.14	0.58	0.97	0.98	1.04	2.74	119.12	5.19	-0.70
7chz_I	144	D	0.24	0.35	0.95	0.93	1.01	1.29	133.10	3.80	-3.50
7chz_I	145	F	0.08	0.86	0.97	0.86	0.98	0.71	165.19	5.52	2.80
7chz_I	146	T	0.17	0.51	0.96	0.88	0.95	0.54	119.12	5.19	-0.70
7chz_I	147	M	0.09	0.23	1.03	0.81	0.93	-0.73	149.21	5.28	1.90
7chz_I	148	Q	0.22	0.35	1.05	0.81	0.93	-1.23	146.15	5.52	-3.50
7chz_I	149	F	0.25	0.33	1.04	0.93	0.00	1.01	165.19	5.52	2.80
7chz_I	150	V	0.14	0.00	0.00	0.00	0.00	0.00	117.15	5.49	4.20
7chz_I	151	S	0.21	0.00	0.00	0.00	0.00	0.00	105.09	5.24	-0.80
7chz_I	152	S	0.13	0.00	0.00	0.00	0.00	0.00	105.09	5.24	-0.80
4ypg_D	1	T	0.06	0.00	0.00	0.00	0.00	0.00	119.12	5.19	-0.70
4ypg_D	2	S	0.12	0.00	0.00	0.00	0.00	0.00	105.09	5.24	-0.80
4ypg_D	3	C	0.09	0.48	0.00	0.00	0.00	0.00	121.15	5.52	2.50
4ypg_D	4	D	0.21	0.58	1.08	1.16	1.00	3.14	133.10	3.80	-3.50
4ypg_D	5	L	0.13	0.62	1.08	1.16	1.02	3.14	131.17	5.52	3.80
4ypg_D	6	P	0.18	1.58	1.09	1.09	1.04	2.51	115.13	5.96	-1.60
4ypg_D	7	Q	0.27	1.27	1.03	1.13	1.05	3.24	146.15	5.52	-3.50
4ypg_D	8	T	0.20	1.27	1.09	1.00	1.04	0.50	119.12	5.19	-0.70
4ypg_D	9	H	0.20	0.81	1.03	1.14	1.02	2.63	155.16	6.74	-3.20
4ypg_D	10	S	0.23	0.63	1.03	1.13	1.00	3.26	105.09	5.24	-0.80
4ypg_D	11	L	0.23	0.85	1.00	1.12	1.01	3.00	131.17	5.52	3.80
4ypg_D	12	G	0.18	1.23	1.00	1.12	1.03	2.86	75.07	5.52	-0.40
4ypg_D	13	S	0.16	1.32	0.97	1.12	1.06	3.30	105.09	5.24	-0.80
4ypg_D	14	R	0.26	1.32	1.01	1.00	1.06	1.06	174.20	9.75	-4.50
4ypg_D	15	R	0.27	1.32	0.95	1.01	1.03	1.77	174.20	9.75	-4.50
4ypg_D	16	T	0.10	0.82	1.00	0.87	1.00	-0.36	119.12	5.19	-0.70
4ypg_D	17	L	0.24	0.34	1.03	0.75	0.96	-2.60	131.17	5.52	3.80
4ypg_D	18	M	0.24	0.18	1.06	0.71	0.92	-2.90	149.21	5.28	1.90
4ypg_D	19	L	0.12	0.21	1.08	0.71	0.91	-2.64	131.17	5.52	3.80
4ypg_D	20	L	0.09	0.25	1.07	0.66	0.91	-3.99	131.17	5.52	3.80
4ypg_D	21	A	0.17	0.50	1.01	0.71	0.92	-2.07	89.09	5.57	1.80
4ypg_D	22	Q	0.24	1.22	1.03	0.77	0.94	-0.66	146.15	5.52	-3.50
4ypg_D	23	M	0.10	1.04	1.02	0.75	0.97	-0.49	149.21	5.28	1.90
4ypg_D	24	R	0.22	1.38	0.98	0.87	0.99	1.76	174.20	9.75	-4.50
4ypg_D	25	K	0.25	0.66	1.01	0.86	1.00	0.14	146.19	8.75	-3.90
4ypg_D	26	I	0.17	0.57	1.02	0.81	0.99	-2.03	131.17	5.52	4.50
4ypg_D	27	S	0.16	0.39	1.05	0.93	0.97	-0.50	105.09	5.24	-0.80
4ypg_D	28	L	0.17	0.11	1.12	0.96	0.95	-0.90	131.17	5.52	3.80
4ypg_D	29	F	0.20	0.12	1.17	0.90	0.93	-3.03	165.19	5.52	2.80
4ypg_D	30	S	0.18	0.19	1.14	0.98	0.93	-1.07	105.09	5.24	-0.80
4ypg_D	31	C	0.07	0.37	1.12	0.98	0.95	-0.57	121.15	5.52	2.50
4ypg_D	32	L	0.11	0.85	1.06	1.03	0.97	1.34	131.17	5.52	3.80
4ypg_D	33	K	0.23	0.86	1.06	1.08	1.00	2.96	146.19	8.75	-3.90
4ypg_D	34	D	0.15	2.68	1.04	1.09	1.01	3.46	133.10	3.80	-3.50
4ypg_D	35	R	0.24	2.82	1.00	1.00	1.00	1.94	174.20	9.75	-4.50
4ypg_D	36	H	0.19	1.39	0.94	1.14	0.98	4.07	155.16	6.74	-3.20
4ypg_D	37	D	0.18	0.72	0.97	1.08	0.96	1.94	133.10	3.80	-3.50
4ypg_D	38	F	0.11	0.57	0.99	1.09	0.95	0.81	165.19	5.52	2.80
4ypg_D	39	G	0.25	0.73	1.02	1.10	0.97	1.07	75.07	5.52	-0.40
4ypg_D	40	F	0.11	0.75	0.98	1.07	1.00	1.89	165.19	5.52	2.80
4ypg_D	41	P	0.18	1.51	0.98	0.96	1.04	1.57	115.13	5.96	-1.60
4ypg_D	42	Q	0.23	1.32	0.98	0.96	1.06	1.57	146.15	5.52	-3.50
4ypg_D	43	E	0.21	1.51	0.98	0.96	1.06	1.57	147.13	4.00	-3.50
4ypg_D	44	E	0.19	1.57	0.93	1.10	1.05	3.89	147.13	4.00	-3.50
4ypg_D	45	F	0.11	1.57	0.92	1.02	1.04	4.44	165.19	5.52	2.80
4ypg_D	46	G	0.17	0.78	0.94	0.97	1.03	2.27	75.07	5.52	-0.40
4ypg_D	47	N	0.17	0.78	0.96	1.00	1.03	2.01	132.12	5.52	-3.50
4ypg_D	48	Q	0.23	1.81	0.97	1.04	1.03	1.71	146.15	5.52	-3.50
4ypg_D	49	F	0.16	1.85	0.97	1.05	1.02	3.33	165.19	5.52	2.80
4ypg_D	50	Q	0.19	1.99	0.96	0.93	1.03	3.63	146.15	5.52	-3.50
4ypg_D	51	K	0.20	1.66	0.98	0.85	1.03	3.37	146.19	8.75	-3.90
4ypg_D	52	A	0.16	1.34	1.00	0.77	1.04	1.37	89.09	5.57	1.80
4ypg_D	53	E	0.22	1.20	1.00	0.91	1.03	2.99	147.13	4.00	-3.50
4ypg_D	54	T	0.14	0.44	1.05	0.84	1.02	1.60	119.12	5.19	-0.70
4ypg_D	55	I	0.12	0.36	1.10	0.78	0.99	-0.53	131.17	5.52	4.50
4ypg_D	56	P	0.17	0.29	1.10	0.82	0.97	-0.53	115.13	5.96	-1.60
4ypg_D	57	V	0.07	0.34	1.10	0.82	0.95	-0.53	117.15	5.49	4.20
4ypg_D	58	L	0.05	0.48	1.09	0.77	0.93	-1.87	131.17	5.52	3.80
4ypg_D	59	H	0.13	0.22	1.09	0.77	0.92	-1.87	155.16	6.74	-3.20
4ypg_D	60	E	0.09	0.51	1.08	0.69	0.92	-1.31	147.13	4.00	-3.50
4ypg_D	61	M	0.07	1.07	1.03	0.76	0.93	0.07	149.21	5.28	1.90
4ypg_D	62	I	0.03	0.55	1.02	0.74	0.94	0.24	131.17	5.52	4.50
4ypg_D	63	Q	0.16	0.28	1.01	0.69	0.95	-1.37	146.15	5.52	-3.50
4ypg_D	64	Q	0.09	0.45	1.00	0.81	0.95	-1.49	146.15	5.52	-3.50
4ypg_D	65	I	0.03	0.53	1.06	0.81	0.95	-2.20	131.17	5.52	4.50
4ypg_D	66	F	0.06	0.26	1.06	0.83	0.94	-2.37	165.19	5.52	2.80
4ypg_D	67	N	0.17	0.20	1.06	0.89	0.94	-2.30	132.12	5.52	-3.50
4ypg_D	68	L	0.06	0.42	1.04	0.89	0.95	-2.41	131.17	5.52	3.80
4ypg_D	69	F	0.05	0.97	1.01	0.96	0.98	-0.46	165.19	5.52	2.80
4ypg_D	70	S	0.17	1.01	0.98	1.09	1.01	2.29	105.09	5.24	-0.80
4ypg_D	71	T	0.13	1.64	1.01	1.07	1.05	2.21	119.12	5.19	-0.70
4ypg_D	72	K	0.13	2.54	0.98	1.19	1.07	4.46	146.19	8.75	-3.90
4ypg_D	73	D	0.18	1.91	0.97	1.20	1.07	6.07	133.10	3.80	-3.50
4ypg_D	74	S	0.14	1.34	0.98	1.09	1.06	5.44	105.09	5.24	-0.80
4ypg_D	75	S	0.16	0.70	0.98	1.09	1.02	3.27	105.09	5.24	-0.80
4ypg_D	76	A	0.10	0.70	0.97	1.15	0.99	3.89	89.09	5.57	1.80
4ypg_D	77	A	0.08	0.91	0.97	1.05	0.98	3.57	89.09	5.57	1.80
4ypg_D	78	W	0.08	0.98	0.95	0.98	0.99	3.39	204.23	5.52	-0.90
4ypg_D	79	D	0.09	0.80	0.99	0.86	1.01	1.14	133.10	3.80	-3.50
4ypg_D	80	E	0.23	0.65	1.01	0.85	1.03	-0.47	147.13	4.00	-3.50
4ypg_D	81	T	0.17	1.04	0.98	0.97	1.03	0.66	119.12	5.19	-0.70
4ypg_D	82	L	0.11	1.24	0.99	0.97	1.03	2.90	131.17	5.52	3.80
4ypg_D	83	L	0.04	0.62	1.02	0.85	1.02	0.16	131.17	5.52	3.80
4ypg_D	84	D	0.13	0.67	1.07	0.91	1.01	-1.23	133.10	3.80	-3.50
4ypg_D	85	K	0.14	1.18	1.07	0.91	1.01	-1.23	146.19	8.75	-3.90
4ypg_D	86	F	0.03	2.48	1.01	0.93	1.00	1.20	165.19	5.52	2.80
4ypg_D	87	Y	0.17	1.22	1.01	0.93	0.99	1.20	181.19	5.52	-1.30
4ypg_D	88	T	0.16	0.96	1.05	0.88	0.99	-0.50	119.12	5.19	-0.70
4ypg_D	89	E	0.06	1.92	1.06	0.88	0.99	-0.46	147.13	4.00	-3.50
4ypg_D	90	L	0.02	2.12	1.05	0.93	0.99	1.71	131.17	5.52	3.80
4ypg_D	91	Y	0.21	1.21	1.06	0.85	0.99	0.67	181.19	5.52	-1.30
4ypg_D	92	Q	0.17	1.12	1.05	0.94	0.99	0.93	146.15	5.52	-3.50
4ypg_D	93	Q	0.12	2.28	1.05	1.04	1.00	1.24	146.15	5.52	-3.50
4ypg_D	94	L	0.06	1.20	1.05	1.04	1.01	1.24	131.17	5.52	3.80
4ypg_D	95	N	0.18	1.20	1.00	0.99	1.01	2.63	132.12	5.52	-3.50
4ypg_D	96	D	0.13	0.70	1.01	0.94	1.00	2.07	133.10	3.80	-3.50
4ypg_D	97	L	0.06	0.45	1.07	0.97	0.98	1.41	131.17	5.52	3.80
4ypg_D	98	E	0.20	0.21	1.09	0.96	0.96	2.20	147.13	4.00	-3.50
4ypg_D	99	A	0.19	0.09	1.14	0.80	0.94	0.06	89.09	5.57	1.80
4ypg_D	100	C	0.07	0.18	1.16	0.73	0.93	-0.51	121.15	5.52	2.50
4ypg_D	101	V	0.09	0.11	1.11	0.87	0.94	1.61	117.15	5.49	4.20
4ypg_D	102	I	0.23	0.08	1.18	0.84	0.95	-0.03	131.17	5.52	4.50
4ypg_D	103	Q	0.24	0.14	1.16	0.97	0.97	0.49	146.15	5.52	-3.50
4ypg_D	104	G	0.16	0.14	1.15	0.87	0.98	-0.24	75.07	5.52	-0.40
4ypg_D	105	V	0.17	0.30	1.08	0.93	0.99	1.03	117.15	5.49	4.20
4ypg_D	106	G	0.17	0.30	1.04	0.97	0.99	3.29	75.07	5.52	-0.40
4ypg_D	107	V	0.14	0.43	1.03	0.97	1.01	3.17	117.15	5.49	4.20
4ypg_D	108	T	0.15	0.90	1.05	0.96	1.03	2.66	119.12	5.19	-0.70
4ypg_D	109	E	0.20	0.75	1.03	0.98	1.05	1.87	147.13	4.00	-3.50
4ypg_D	110	T	0.16	1.00	1.03	0.84	1.04	0.46	119.12	5.19	-0.70
4ypg_D	111	P	0.20	1.38	0.96	0.91	1.03	1.80	115.13	5.96	-1.60
4ypg_D	112	L	0.19	1.38	0.95	0.88	1.01	2.17	131.17	5.52	3.80
4ypg_D	113	M	0.11	1.60	0.96	0.98	1.00	2.49	149.21	5.28	1.90
4ypg_D	114	K	0.18	1.38	0.97	1.05	1.02	2.67	146.19	8.75	-3.90
4ypg_D	115	E	0.17	1.18	0.98	0.90	1.02	1.23	147.13	4.00	-3.50
4ypg_D	116	D	0.15	0.98	0.98	0.90	1.02	1.23	133.10	3.80	-3.50
4ypg_D	117	S	0.13	0.50	1.02	0.91	1.00	2.13	105.09	5.24	-0.80
4ypg_D	118	I	0.10	0.21	1.08	0.84	0.96	0.79	131.17	5.52	4.50
4ypg_D	119	L	0.20	0.25	1.09	0.87	0.94	0.27	131.17	5.52	3.80
4ypg_D	120	A	0.08	0.37	1.09	0.80	0.94	-0.34	89.09	5.57	1.80
4ypg_D	121	V	0.02	0.83	1.12	0.76	0.96	-1.54	117.15	5.49	4.20
4ypg_D	122	R	0.17	0.87	1.11	0.78	0.98	-1.71	174.20	9.75	-4.50
4ypg_D	123	K	0.16	1.49	1.07	0.83	0.99	0.46	146.19	8.75	-3.90
4ypg_D	124	Y	0.08	3.94	1.05	0.88	0.99	0.76	181.19	5.52	-1.30
4ypg_D	125	F	0.03	1.41	1.01	0.87	0.99	0.14	165.19	5.52	2.80
4ypg_D	126	Q	0.24	1.02	1.02	0.87	0.99	0.29	146.15	5.52	-3.50
4ypg_D	127	R	0.13	0.54	1.06	0.81	0.99	-1.84	174.20	9.75	-4.50
4ypg_D	128	I	0.02	0.97	1.06	0.81	0.98	-1.84	131.17	5.52	4.50
4ypg_D	129	T	0.12	0.46	1.09	0.81	0.96	-1.84	119.12	5.19	-0.70
4ypg_D	130	L	0.35	0.47	1.08	0.82	0.95	-1.89	131.17	5.52	3.80
4ypg_D	131	Y	0.16	1.17	1.07	0.79	0.95	-1.37	181.19	5.52	-1.30
4ypg_D	132	L	0.04	1.62	1.04	0.86	0.98	0.59	131.17	5.52	3.80
4ypg_D	133	K	0.20	3.92	1.04	0.87	1.02	0.66	146.19	8.75	-3.90
4ypg_D	134	E	0.24	3.92	1.03	0.95	1.05	1.70	147.13	4.00	-3.50
4ypg_D	135	K	0.14	6.36	1.01	0.99	1.06	2.90	146.19	8.75	-3.90
4ypg_D	136	K	0.19	4.92	0.98	1.12	1.06	4.51	146.19	8.75	-3.90
4ypg_D	137	Y	0.17	1.52	1.05	1.15	1.04	3.90	181.19	5.52	-1.30
4ypg_D	138	S	0.10	0.77	1.08	1.14	1.01	3.09	105.09	5.24	-0.80
4ypg_D	139	P	0.16	0.40	1.08	1.13	0.99	0.84	115.13	5.96	-1.60
4ypg_D	140	C	0.13	0.45	1.07	1.09	0.95	1.14	121.15	5.52	2.50
4ypg_D	141	A	0.05	0.25	1.10	1.00	0.94	0.89	89.09	5.57	1.80
4ypg_D	142	W	0.06	0.12	1.15	0.87	0.92	-0.57	204.23	5.52	-0.90
4ypg_D	143	E	0.08	0.43	1.12	0.79	0.92	-0.27	147.13	4.00	-3.50
4ypg_D	144	V	0.04	0.43	1.07	0.71	0.93	-0.17	117.15	5.49	4.20
4ypg_D	145	V	0.02	0.72	1.04	0.72	0.94	0.64	117.15	5.49	4.20
4ypg_D	146	R	0.13	0.29	1.08	0.65	0.94	0.93	174.20	9.75	-4.50
4ypg_D	147	A	0.10	0.39	1.08	0.63	0.94	-0.79	89.09	5.57	1.80
4ypg_D	148	E	0.08	1.02	1.00	0.70	0.94	0.34	147.13	4.00	-3.50
4ypg_D	149	I	0.02	0.70	0.95	0.83	0.94	1.80	131.17	5.52	4.50
4ypg_D	150	M	0.09	0.60	0.98	0.78	0.95	-0.11	149.21	5.28	1.90
4ypg_D	151	R	0.19	0.46	0.97	0.89	0.96	0.51	174.20	9.75	-4.50
4ypg_D	152	S	0.06	0.54	1.03	0.87	0.97	-1.91	105.09	5.24	-0.80
4ypg_D	153	F	0.04	0.74	1.01	1.00	0.97	0.16	165.19	5.52	2.80
4ypg_D	154	S	0.20	0.54	1.02	1.06	0.98	1.50	105.09	5.24	-0.80
4ypg_D	155	L	0.14	0.65	1.01	1.14	0.99	1.90	131.17	5.52	3.80
4ypg_D	156	S	0.03	0.62	1.04	1.02	1.00	-0.34	105.09	5.24	-0.80
4ypg_D	157	T	0.11	0.80	1.03	1.08	1.02	1.83	119.12	5.19	-0.70
4ypg_D	158	N	0.14	1.68	1.01	0.98	0.00	2.01	132.12	5.52	-3.50
4ypg_D	159	L	0.06	0.00	0.00	0.00	0.00	0.00	131.17	5.52	3.80
4ypg_D	160	Q	0.22	0.00	0.00	0.00	0.00	0.00	146.15	5.52	-3.50
4ypg_D	161	E	0.26	0.00	0.00	0.00	0.00	0.00	147.13	4.00	-3.50
6y6c_A	1	N	0.10	0.00	0.00	0.00	0.00	0.00	132.12	5.52	-3.50
6y6c_A	2	T	0.27	0.00	0.00	0.00	0.00	0.00	119.12	5.19	-0.70
6y6c_A	3	T	0.18	1.01	0.00	0.00	0.00	0.00	119.12	5.19	-0.70
6y6c_A	4	V	0.29	0.62	0.99	1.02	1.00	2.31	117.15	5.49	4.20
6y6c_A	5	F	0.06	0.32	1.08	0.87	0.98	0.79	165.19	5.52	2.80
6y6c_A	6	Q	0.21	0.22	1.10	0.82	0.98	0.34	146.15	5.52	-3.50
6y6c_A	7	G	0.06	0.30	1.10	0.91	0.98	0.41	75.07	5.52	-0.40
6y6c_A	8	V	0.14	0.60	1.05	0.98	0.99	1.80	117.15	5.49	4.20
6y6c_A	9	A	0.09	0.46	1.03	1.10	1.01	4.04	89.09	5.57	1.80
6y6c_A	10	G	0.07	0.38	1.07	1.04	1.03	1.87	75.07	5.52	-0.40
6y6c_A	11	Q	0.22	0.90	1.09	0.96	1.04	1.91	146.15	5.52	-3.50
6y6c_A	12	S	0.14	0.66	1.09	0.96	1.02	1.91	105.09	5.24	-0.80
6y6c_A	13	L	0.06	0.89	1.08	1.07	1.00	2.54	131.17	5.52	3.80
6y6c_A	14	Q	0.14	0.28	1.16	1.01	0.97	1.93	146.15	5.52	-3.50
6y6c_A	15	V	0.05	0.32	1.16	1.09	0.95	1.37	117.15	5.49	4.20
6y6c_A	16	S	0.08	0.61	1.19	1.05	0.94	0.17	105.09	5.24	-0.80
6y6c_A	17	C	0.06	0.58	1.13	1.17	0.95	2.91	121.15	5.52	2.50
6y6c_A	18	P	0.15	1.05	1.13	1.24	0.97	2.99	115.13	5.96	-1.60
6y6c_A	19	Y	0.13	0.78	1.05	1.25	0.99	2.91	181.19	5.52	-1.30
6y6c_A	20	D	0.19	2.90	1.04	1.19	1.01	2.80	133.10	3.80	-3.50
6y6c_A	21	S	0.19	2.56	0.99	1.16	1.01	2.90	105.09	5.24	-0.80
6y6c_A	22	M	0.33	1.71	0.97	1.08	1.00	1.17	149.21	5.28	1.90
6y6c_A	23	K	0.31	1.02	0.93	1.14	1.00	2.26	146.19	8.75	-3.90
6y6c_A	24	H	0.33	1.49	0.93	1.07	0.99	1.43	155.16	6.74	-3.20
6y6c_A	25	W	0.38	2.94	0.91	1.00	0.99	1.10	204.23	5.52	-0.90
6y6c_A	26	G	0.34	2.94	0.93	1.06	1.01	2.51	75.07	5.52	-0.40
6y6c_A	27	R	0.34	2.18	0.94	1.01	1.02	2.00	174.20	9.75	-4.50
6y6c_A	28	R	0.25	2.18	0.91	1.01	1.01	0.27	174.20	9.75	-4.50
6y6c_A	29	K	0.14	1.18	0.99	1.04	0.99	1.90	146.19	8.75	-3.90
6y6c_A	30	A	0.28	1.18	0.99	0.95	0.96	1.69	89.09	5.57	1.80
6y6c_A	31	W	0.12	1.05	1.01	0.96	0.94	1.94	204.23	5.52	-0.90
6y6c_A	32	C	0.23	0.43	1.06	0.91	0.94	0.03	121.15	5.52	2.50
6y6c_A	33	R	0.16	0.42	1.05	0.98	0.96	0.03	174.20	9.75	-4.50
6y6c_A	34	Q	0.30	0.70	1.02	1.00	0.99	0.84	146.15	5.52	-3.50
6y6c_A	35	L	0.23	2.59	1.03	1.00	1.02	3.09	131.17	5.52	3.80
6y6c_A	36	G	0.18	1.31	0.95	1.06	1.05	3.70	75.07	5.52	-0.40
6y6c_A	37	E	0.30	1.17	0.98	1.14	1.07	3.40	147.13	4.00	-3.50
6y6c_A	38	K	0.32	0.76	1.04	1.17	1.08	2.74	146.19	8.75	-3.90
6y6c_A	39	G	0.32	1.33	1.00	1.22	1.08	4.91	75.07	5.52	-0.40
6y6c_A	40	P	0.33	1.51	1.00	1.14	1.06	4.70	115.13	5.96	-1.60
6y6c_A	41	C	0.24	0.56	1.08	1.10	1.03	3.06	121.15	5.52	2.50
6y6c_A	42	Q	0.35	0.42	1.14	1.03	1.01	1.71	146.15	5.52	-3.50
6y6c_A	43	R	0.32	0.36	1.16	1.01	0.99	1.83	174.20	9.75	-4.50
6y6c_A	44	V	0.07	0.98	1.14	0.93	0.98	2.27	117.15	5.49	4.20
6y6c_A	45	V	0.07	0.77	1.10	0.90	0.99	2.37	117.15	5.49	4.20
6y6c_A	46	S	0.27	0.63	1.06	0.98	0.99	2.51	105.09	5.24	-0.80
6y6c_A	47	T	0.25	0.70	1.12	0.93	0.99	0.60	119.12	5.19	-0.70
6y6c_A	48	H	0.37	0.99	1.05	0.99	0.98	-0.30	155.16	6.74	-3.20
6y6c_A	49	N	0.38	0.61	1.03	1.01	0.95	-1.09	132.12	5.52	-3.50
6y6c_A	50	L	0.38	0.35	1.06	0.89	0.93	-3.33	131.17	5.52	3.80
6y6c_A	51	W	0.37	0.34	1.08	0.95	0.91	-3.14	204.23	5.52	-0.90
6y6c_A	52	L	0.35	0.19	1.07	0.90	0.91	-4.76	131.17	5.52	3.80
6y6c_A	53	L	0.31	0.19	1.14	0.76	0.92	-7.07	131.17	5.52	3.80
6y6c_A	54	S	0.30	0.34	1.09	0.82	0.93	-5.16	105.09	5.24	-0.80
6y6c_A	55	F	0.33	0.82	1.09	0.81	0.95	-3.13	165.19	5.52	2.80
6y6c_A	56	L	0.32	1.04	1.03	0.87	0.97	-3.24	131.17	5.52	3.80
6y6c_A	57	R	0.31	1.25	0.97	1.01	0.98	-0.93	174.20	9.75	-4.50
6y6c_A	58	R	0.18	1.43	0.95	1.02	1.00	-1.04	174.20	9.75	-4.50
6y6c_A	59	W	0.29	2.33	0.94	1.14	1.02	1.20	204.23	5.52	-0.90
6y6c_A	60	N	0.22	1.72	0.89	1.20	1.04	3.26	132.12	5.52	-3.50
6y6c_A	61	G	0.16	0.88	0.91	1.15	1.06	2.96	75.07	5.52	-0.40
6y6c_A	62	S	0.19	0.59	0.95	1.09	1.06	1.21	105.09	5.24	-0.80
6y6c_A	63	T	0.11	0.53	0.96	1.09	1.04	3.39	119.12	5.19	-0.70
6y6c_A	64	A	0.15	0.89	0.97	1.07	1.01	3.81	89.09	5.57	1.80
6y6c_A	65	I	0.07	1.11	0.97	1.06	1.00	4.43	131.17	5.52	4.50
6y6c_A	66	T	0.18	1.11	0.95	0.99	1.00	4.24	119.12	5.19	-0.70
6y6c_A	67	D	0.20	0.91	1.00	0.94	1.01	2.19	133.10	3.80	-3.50
6y6c_A	68	D	0.21	1.28	0.98	1.07	1.02	2.70	133.10	3.80	-3.50
6y6c_A	69	T	0.25	0.88	0.94	1.22	1.03	4.66	119.12	5.19	-0.70
6y6c_A	70	L	0.33	0.76	0.94	1.22	1.04	4.66	131.17	5.52	3.80
6y6c_A	71	G	0.23	0.38	0.99	1.10	1.04	1.91	75.07	5.52	-0.40
6y6c_A	72	G	0.17	0.38	1.00	1.03	1.04	1.23	75.07	5.52	-0.40
6y6c_A	73	T	0.17	0.32	1.03	0.96	1.03	-0.66	119.12	5.19	-0.70
6y6c_A	74	L	0.03	0.47	0.98	1.01	1.01	1.40	131.17	5.52	3.80
6y6c_A	75	T	0.08	0.39	1.04	0.87	0.98	-0.73	119.12	5.19	-0.70
6y6c_A	76	I	0.04	0.53	1.04	0.78	0.97	-0.94	131.17	5.52	4.50
6y6c_A	77	T	0.08	1.03	1.02	0.87	0.97	-0.69	119.12	5.19	-0.70
6y6c_A	78	L	0.03	0.59	1.02	0.87	0.98	-0.69	131.17	5.52	3.80
6y6c_A	79	R	0.17	1.45	1.03	0.87	0.99	-0.57	174.20	9.75	-4.50
6y6c_A	80	N	0.12	1.55	1.02	1.02	1.00	0.87	132.12	5.52	-3.50
6y6c_A	81	L	0.03	2.56	1.05	1.02	1.01	0.43	131.17	5.52	3.80
6y6c_A	82	Q	0.21	2.18	0.99	1.14	1.01	3.17	146.15	5.52	-3.50
6y6c_A	83	P	0.20	1.37	1.02	1.10	1.01	2.87	115.13	5.96	-1.60
6y6c_A	84	H	0.26	1.65	1.03	1.10	1.00	2.69	155.16	6.74	-3.20
6y6c_A	85	D	0.11	0.78	1.03	1.10	0.99	2.69	133.10	3.80	-3.50
6y6c_A	86	A	0.13	0.79	1.05	1.13	0.98	1.56	89.09	5.57	1.80
6y6c_A	87	G	0.12	1.01	1.05	1.05	0.96	2.11	75.07	5.52	-0.40
6y6c_A	88	L	0.21	0.32	1.09	1.08	0.95	2.01	131.17	5.52	3.80
6y6c_A	89	Y	0.13	0.56	1.11	1.01	0.94	1.44	181.19	5.52	-1.30
6y6c_A	90	Q	0.28	0.75	1.11	1.12	0.95	2.07	146.15	5.52	-3.50
6y6c_A	91	C	0.05	0.75	1.16	0.99	0.97	-0.06	121.15	5.52	2.50
6y6c_A	92	Q	0.33	0.65	1.14	1.04	0.98	1.56	146.15	5.52	-3.50
6y6c_A	93	S	0.17	0.37	1.10	1.10	0.99	2.64	105.09	5.24	-0.80
6y6c_A	94	L	0.37	0.93	1.10	1.16	1.01	2.71	131.17	5.52	3.80
6y6c_A	95	H	0.37	0.93	1.02	1.10	1.02	3.63	155.16	6.74	-3.20
6y6c_A	96	G	0.38	0.70	1.02	1.05	1.04	3.07	75.07	5.52	-0.40
6y6c_A	97	S	0.39	1.43	1.00	1.06	1.06	3.57	105.09	5.24	-0.80
6y6c_A	98	E	0.36	1.51	0.95	1.11	1.06	5.63	147.13	4.00	-3.50
6y6c_A	99	A	0.32	1.26	0.98	1.06	1.06	4.01	89.09	5.57	1.80
6y6c_A	100	D	0.36	1.84	0.98	0.97	1.05	3.80	133.10	3.80	-3.50
6y6c_A	101	T	0.32	2.13	0.96	0.91	1.04	3.69	119.12	5.19	-0.70
6y6c_A	102	L	0.32	1.56	1.04	0.88	1.03	2.04	131.17	5.52	3.80
6y6c_A	103	R	0.28	0.77	1.07	0.87	1.01	0.43	174.20	9.75	-4.50
6y6c_A	104	K	0.18	0.40	1.14	0.73	1.00	-1.53	146.19	8.75	-3.90
6y6c_A	105	V	0.09	0.83	1.13	0.70	0.97	-1.16	117.15	5.49	4.20
6y6c_A	106	L	0.17	0.32	1.15	0.68	0.95	-0.37	131.17	5.52	3.80
6y6c_A	107	V	0.06	0.13	1.20	0.63	0.94	-2.29	117.15	5.49	4.20
6y6c_A	108	E	0.28	0.18	1.22	0.58	0.93	-2.80	147.13	4.00	-3.50
6y6c_A	109	V	0.09	0.36	1.15	0.72	0.94	-0.84	117.15	5.49	4.20
6y6c_A	110	L	0.20	0.75	1.12	0.85	0.96	0.77	131.17	5.52	3.80
6y6c_A	111	A	0.18	0.36	1.10	0.87	0.98	-0.01	89.09	5.57	1.80
6y6c_A	112	D	0.20	0.80	1.11	0.97	1.01	0.30	133.10	3.80	-3.50
6y6c_A	113	P	0.18	1.32	1.07	1.03	1.01	1.13	115.13	5.96	-1.60
6y6c_A	114	L	0.19	2.56	1.01	1.08	1.00	3.04	131.17	5.52	3.80
6y6c_A	115	D	0.24	2.56	0.98	1.20	0.00	4.17	133.10	3.80	-3.50
6y6c_A	116	H	0.19	0.00	0.00	0.00	0.00	0.00	155.16	6.74	-3.20
6y6c_A	117	R	0.22	0.00	0.00	0.00	0.00	0.00	174.20	9.75	-4.50
6y6c_A	118	D	0.20	0.00	0.00	0.00	0.00	0.00	133.10	3.80	-3.50
5d8j_A	1	S	0.08	0.00	0.00	0.00	0.00	0.00	105.09	5.24	-0.80
5d8j_A	2	M	0.19	0.00	0.00	0.00	0.00	0.00	149.21	5.28	1.90
5d8j_A	3	C	0.12	0.22	0.00	0.00	0.00	0.00	121.15	5.52	2.50
5d8j_A	4	D	0.23	0.12	1.09	0.92	0.93	0.41	133.10	3.80	-3.50
5d8j_A	5	A	0.15	0.12	1.07	0.94	0.93	0.30	89.09	5.57	1.80
5d8j_A	6	F	0.07	0.33	1.09	0.99	0.95	1.64	165.19	5.52	2.80
5d8j_A	7	V	0.12	0.21	1.01	0.96	0.96	0.01	117.15	5.49	4.20
5d8j_A	8	G	0.08	0.41	1.02	0.89	0.99	-0.60	75.07	5.52	-0.40
5d8j_A	9	T	0.19	0.39	1.05	0.88	1.00	-2.21	119.12	5.19	-0.70
5d8j_A	10	W	0.03	0.39	1.09	0.87	0.99	-1.43	204.23	5.52	-0.90
5d8j_A	11	K	0.18	0.53	1.04	1.00	1.00	0.03	146.19	8.75	-3.90
5d8j_A	12	L	0.07	0.49	1.06	0.98	1.00	0.14	131.17	5.52	3.80
5d8j_A	13	V	0.16	0.81	1.05	0.95	1.01	0.51	117.15	5.49	4.20
5d8j_A	14	S	0.18	0.65	1.03	1.04	1.04	2.94	105.09	5.24	-0.80
5d8j_A	15	S	0.08	0.68	1.05	0.98	1.05	0.81	105.09	5.24	-0.80
5d8j_A	16	E	0.19	1.53	1.00	1.10	1.05	3.56	147.13	4.00	-3.50
5d8j_A	17	N	0.14	1.91	0.92	1.24	1.05	5.51	132.12	5.52	-3.50
5d8j_A	18	F	0.06	2.23	0.95	1.20	1.03	4.31	165.19	5.52	2.80
5d8j_A	19	D	0.12	1.27	0.92	1.08	1.02	2.79	133.10	3.80	-3.50
5d8j_A	20	D	0.11	1.58	0.93	1.12	1.01	2.49	133.10	3.80	-3.50
5d8j_A	21	Y	0.05	3.17	0.94	1.00	0.99	2.60	181.19	5.52	-1.30
5d8j_A	22	M	0.02	1.41	0.98	0.99	0.99	3.39	149.21	5.28	1.90
5d8j_A	23	K	0.20	0.83	0.98	1.00	0.99	2.77	146.19	8.75	-3.90
5d8j_A	24	E	0.13	0.40	1.06	0.86	0.99	0.81	147.13	4.00	-3.50
5d8j_A	25	V	0.06	0.40	1.02	0.92	0.98	1.90	117.15	5.49	4.20
5d8j_A	26	G	0.08	0.17	1.06	0.92	0.97	1.19	75.07	5.52	-0.40
5d8j_A	27	V	0.05	0.10	1.07	0.87	0.95	0.67	117.15	5.49	4.20
5d8j_A	28	G	0.13	0.19	1.08	0.91	0.95	0.30	75.07	5.52	-0.40
5d8j_A	29	F	0.17	0.38	1.01	0.97	0.96	1.43	165.19	5.52	2.80
5d8j_A	30	A	0.11	1.04	1.02	0.89	0.98	1.43	89.09	5.57	1.80
5d8j_A	31	T	0.12	0.78	1.02	0.89	1.00	1.43	119.12	5.19	-0.70
5d8j_A	32	R	0.10	0.91	1.04	0.76	1.01	0.91	174.20	9.75	-4.50
5d8j_A	33	K	0.18	0.89	1.01	0.90	1.01	3.04	146.19	8.75	-3.90
5d8j_A	34	V	0.05	0.61	0.98	0.89	0.98	2.14	117.15	5.49	4.20
5d8j_A	35	A	0.02	0.31	1.00	0.85	0.95	1.70	89.09	5.57	1.80
5d8j_A	36	G	0.13	0.31	1.01	0.86	0.94	1.91	75.07	5.52	-0.40
5d8j_A	37	M	0.21	0.65	1.03	0.93	0.94	1.40	149.21	5.28	1.90
5d8j_A	38	A	0.10	1.04	0.94	1.08	0.97	2.93	89.09	5.57	1.80
5d8j_A	39	K	0.24	1.04	0.91	1.07	0.99	2.03	146.19	8.75	-3.90
5d8j_A	40	P	0.09	0.74	0.95	0.92	0.99	0.07	115.13	5.96	-1.60
5d8j_A	41	N	0.17	0.51	0.99	0.90	0.97	-0.47	132.12	5.52	-3.50
5d8j_A	42	M	0.05	0.34	0.99	1.01	0.94	0.16	149.21	5.28	1.90
5d8j_A	43	I	0.20	0.16	1.05	0.94	0.92	-1.19	131.17	5.52	4.50
5d8j_A	44	I	0.02	0.16	1.01	0.94	0.92	-0.49	131.17	5.52	4.50
5d8j_A	45	S	0.16	0.16	1.02	0.94	0.94	-0.67	105.09	5.24	-0.80
5d8j_A	46	V	0.14	0.39	1.03	1.06	0.98	1.36	117.15	5.49	4.20
5d8j_A	47	N	0.24	0.46	1.04	1.08	1.02	1.19	132.12	5.52	-3.50
5d8j_A	48	G	0.23	0.26	1.08	1.09	1.04	1.80	75.07	5.52	-0.40
5d8j_A	49	D	0.15	0.50	1.06	1.02	1.03	1.61	133.10	3.80	-3.50
5d8j_A	50	L	0.18	0.22	1.03	1.01	1.00	1.00	131.17	5.52	3.80
5d8j_A	51	V	0.03	0.43	1.04	0.93	0.98	0.60	117.15	5.49	4.20
5d8j_A	52	T	0.10	0.34	1.06	0.91	0.98	0.71	119.12	5.19	-0.70
5d8j_A	53	I	0.03	0.72	1.06	0.81	1.01	0.40	131.17	5.52	4.50
5d8j_A	54	R	0.16	1.30	1.03	0.93	1.05	2.64	174.20	9.75	-4.50
5d8j_A	55	S	0.05	1.30	0.96	0.99	1.09	3.91	105.09	5.24	-0.80
5d8j_A	56	E	0.26	1.61	0.99	0.94	1.09	1.86	147.13	4.00	-3.50
5d8j_A	57	S	0.07	1.64	0.95	1.02	1.09	3.81	105.09	5.24	-0.80
5d8j_A	58	T	0.19	1.97	0.94	1.10	1.07	4.21	119.12	5.19	-0.70
5d8j_A	59	F	0.16	1.64	0.93	1.04	1.05	4.03	165.19	5.52	2.80
5d8j_A	60	K	0.26	2.12	0.93	1.04	1.06	4.03	146.19	8.75	-3.90
5d8j_A	61	N	0.29	1.03	0.95	0.90	1.06	1.96	132.12	5.52	-3.50
5d8j_A	62	T	0.15	1.60	0.96	0.97	1.05	2.14	119.12	5.19	-0.70
5d8j_A	63	E	0.28	0.69	0.96	0.97	1.03	2.14	147.13	4.00	-3.50
5d8j_A	64	I	0.09	0.86	0.96	0.97	1.00	2.14	131.17	5.52	4.50
5d8j_A	65	S	0.14	0.49	1.03	0.83	0.98	-0.17	105.09	5.24	-0.80
5d8j_A	66	F	0.06	0.28	1.02	0.91	0.97	-0.10	165.19	5.52	2.80
5d8j_A	67	K	0.22	0.30	1.10	0.88	0.97	-1.74	146.19	8.75	-3.90
5d8j_A	68	L	0.12	0.38	1.06	0.92	0.97	0.51	131.17	5.52	3.80
5d8j_A	69	G	0.12	0.38	1.07	0.80	0.96	-1.73	75.07	5.52	-0.40
5d8j_A	70	V	0.21	0.32	1.04	0.92	0.96	1.01	117.15	5.49	4.20
5d8j_A	71	E	0.18	0.67	1.02	0.88	0.97	1.31	147.13	4.00	-3.50
5d8j_A	72	F	0.06	0.48	1.01	0.87	0.98	1.49	165.19	5.52	2.80
5d8j_A	73	D	0.17	0.93	1.01	0.78	1.00	1.41	133.10	3.80	-3.50
5d8j_A	74	E	0.04	0.54	0.97	0.80	1.01	2.24	147.13	4.00	-3.50
5d8j_A	75	I	0.22	1.04	0.97	0.91	1.01	2.56	131.17	5.52	4.50
5d8j_A	76	T	0.08	1.04	0.94	1.03	1.01	5.30	119.12	5.19	-0.70
5d8j_A	77	A	0.11	1.18	0.94	0.96	1.02	4.47	89.09	5.57	1.80
5d8j_A	78	D	0.14	3.37	0.95	1.00	1.04	4.17	133.10	3.80	-3.50
5d8j_A	79	D	0.18	1.73	0.98	1.00	1.04	4.79	133.10	3.80	-3.50
5d8j_A	80	R	0.15	3.43	0.99	1.01	1.05	4.86	174.20	9.75	-4.50
5d8j_A	81	K	0.30	2.75	0.98	1.12	1.05	5.49	146.19	8.75	-3.90
5d8j_A	82	V	0.04	1.16	1.02	0.98	1.03	2.91	117.15	5.49	4.20
5d8j_A	83	K	0.16	0.41	1.06	0.83	1.02	0.34	146.19	8.75	-3.90
5d8j_A	84	S	0.03	0.30	1.07	0.84	0.99	0.49	105.09	5.24	-0.80
5d8j_A	85	I	0.18	0.33	1.11	0.78	0.96	-1.64	131.17	5.52	4.50
5d8j_A	86	I	0.02	0.28	1.04	0.91	0.95	0.31	131.17	5.52	4.50
5d8j_A	87	T	0.18	0.20	1.03	0.99	0.97	0.31	119.12	5.19	-0.70
5d8j_A	88	L	0.09	0.29	1.01	1.01	1.00	0.20	131.17	5.52	3.80
5d8j_A	89	D	0.22	0.42	1.00	1.04	1.03	1.64	133.10	3.80	-3.50
5d8j_A	90	G	0.21	0.24	1.01	1.05	1.04	1.47	75.07	5.52	-0.40
5d8j_A	91	G	0.12	0.21	1.08	0.99	1.02	0.20	75.07	5.52	-0.40
5d8j_A	92	A	0.12	0.22	1.05	1.04	0.99	2.37	89.09	5.57	1.80
5d8j_A	93	L	0.03	0.17	1.12	0.91	0.96	0.41	131.17	5.52	3.80
5d8j_A	94	V	0.10	0.29	1.14	0.82	0.94	0.46	117.15	5.49	4.20
5d8j_A	95	Q	0.08	0.58	1.15	0.75	0.95	0.46	146.15	5.52	-3.50
5d8j_A	96	V	0.16	0.73	1.12	0.79	0.97	-1.27	117.15	5.49	4.20
5d8j_A	97	Q	0.13	1.65	1.07	0.91	1.00	1.47	146.15	5.52	-3.50
5d8j_A	98	K	0.29	0.94	1.00	1.06	1.02	2.81	146.19	8.75	-3.90
5d8j_A	99	W	0.16	2.55	0.98	1.07	1.04	2.77	204.23	5.52	-0.90
5d8j_A	100	D	0.29	1.97	0.93	1.20	1.07	4.23	133.10	3.80	-3.50
5d8j_A	101	G	0.26	1.42	0.92	1.20	1.09	4.11	75.07	5.52	-0.40
5d8j_A	102	K	0.29	1.95	0.91	1.19	1.10	4.04	146.19	8.75	-3.90
5d8j_A	103	S	0.27	0.82	0.95	1.12	1.10	4.33	105.09	5.24	-0.80
5d8j_A	104	T	0.06	1.66	0.96	1.06	1.09	3.71	119.12	5.19	-0.70
5d8j_A	105	T	0.21	1.62	0.96	0.97	1.07	3.50	119.12	5.19	-0.70
5d8j_A	106	I	0.07	2.42	0.96	0.97	1.06	3.50	131.17	5.52	4.50
5d8j_A	107	K	0.22	3.28	0.94	0.90	1.05	3.17	146.19	8.75	-3.90
5d8j_A	108	R	0.07	3.80	0.93	0.97	1.05	3.86	174.20	9.75	-4.50
5d8j_A	109	K	0.20	5.36	0.93	1.06	1.06	3.93	146.19	8.75	-3.90
5d8j_A	110	R	0.06	4.48	0.89	1.20	1.06	6.50	174.20	9.75	-4.50
5d8j_A	111	D	0.16	4.57	0.89	1.20	1.07	6.50	133.10	3.80	-3.50
5d8j_A	112	G	0.15	1.89	0.94	1.15	1.07	4.59	75.07	5.52	-0.40
5d8j_A	113	D	0.13	0.71	1.01	1.08	1.05	3.24	133.10	3.80	-3.50
5d8j_A	114	K	0.17	0.32	1.08	1.01	1.02	2.11	146.19	8.75	-3.90
5d8j_A	115	L	0.02	0.56	1.08	0.91	0.99	1.80	131.17	5.52	3.80
5d8j_A	116	V	0.14	0.18	1.15	0.86	0.95	1.19	117.15	5.49	4.20
5d8j_A	117	V	0.03	0.07	1.23	0.72	0.93	-0.77	117.15	5.49	4.20
5d8j_A	118	E	0.14	0.08	1.21	0.66	0.91	-2.19	147.13	4.00	-3.50
5d8j_A	119	C	0.03	0.21	1.17	0.72	0.91	-0.06	121.15	5.52	2.50
5d8j_A	120	V	0.16	0.29	1.09	0.87	0.93	1.29	117.15	5.49	4.20
5d8j_A	121	M	0.08	0.12	1.09	0.87	0.95	1.29	149.21	5.28	1.90
5d8j_A	122	K	0.22	0.33	1.10	0.90	0.98	0.91	146.19	8.75	-3.90
5d8j_A	123	G	0.19	0.59	1.05	0.94	1.02	1.64	75.07	5.52	-0.40
5d8j_A	124	V	0.12	0.87	0.98	1.00	1.04	2.91	117.15	5.49	4.20
5d8j_A	125	T	0.22	0.85	0.98	1.05	1.06	4.11	119.12	5.19	-0.70
5d8j_A	126	S	0.06	0.64	1.05	0.98	1.06	2.77	105.09	5.24	-0.80
5d8j_A	127	T	0.18	1.34	1.09	0.92	1.05	1.69	119.12	5.19	-0.70
5d8j_A	128	R	0.16	1.61	1.01	0.95	1.02	3.33	174.20	9.75	-4.50
5d8j_A	129	V	0.13	2.36	1.01	0.95	1.00	3.19	117.15	5.49	4.20
5d8j_A	130	Y	0.08	1.65	1.02	0.84	0.00	2.56	181.19	5.52	-1.30
5d8j_A	131	E	0.15	0.00	0.00	0.00	0.00	0.00	147.13	4.00	-3.50
5d8j_A	132	R	0.16	0.00	0.00	0.00	0.00	0.00	174.20	9.75	-4.50
5d8j_A	133	A	0.09	0.00	0.00	0.00	0.00	0.00	89.09	5.57	1.80
7lj4_B	1	R	0.07	0.00	0.00	0.00	0.00	0.00	174.20	9.75	-4.50
7lj4_B	2	S	0.05	0.00	0.00	0.00	0.00	0.00	105.09	5.24	-0.80
7lj4_B	3	T	0.06	1.26	0.00	0.00	0.00	0.00	119.12	5.19	-0.70
7lj4_B	4	T	0.08	0.65	1.04	0.88	1.03	0.69	119.12	5.19	-0.70
7lj4_B	5	L	0.05	0.40	1.09	0.83	0.99	-1.23	131.17	5.52	3.80
7lj4_B	6	L	0.03	0.23	1.13	0.71	0.95	-3.47	131.17	5.52	3.80
7lj4_B	7	A	0.04	0.16	1.15	0.66	0.93	-3.91	89.09	5.57	1.80
7lj4_B	8	L	0.06	0.16	1.20	0.61	0.91	-5.97	131.17	5.52	3.80
7lj4_B	9	L	0.03	0.14	1.22	0.60	0.91	-5.19	131.17	5.52	3.80
7lj4_B	10	A	0.02	0.12	1.22	0.60	0.91	-5.19	89.09	5.57	1.80
7lj4_B	11	L	0.02	0.12	1.24	0.59	0.91	-6.80	131.17	5.52	3.80
7lj4_B	12	V	0.05	0.22	1.23	0.67	0.91	-5.76	117.15	5.49	4.20
7lj4_B	13	L	0.04	0.18	1.23	0.67	0.91	-5.76	131.17	5.52	3.80
7lj4_B	14	L	0.03	0.16	1.28	0.64	0.90	-6.59	131.17	5.52	3.80
7lj4_B	15	Y	0.03	0.30	1.24	0.76	0.91	-4.34	181.19	5.52	-1.30
7lj4_B	16	L	0.03	0.36	1.17	0.91	0.93	-3.00	131.17	5.52	3.80
7lj4_B	17	V	0.02	0.44	1.14	0.92	0.95	-1.39	117.15	5.49	4.20
7lj4_B	18	S	0.03	0.23	1.14	0.92	0.97	-1.39	105.09	5.24	-0.80
7lj4_B	19	G	0.05	0.21	1.17	0.83	0.98	-1.64	75.07	5.52	-0.40
7lj4_B	20	A	0.02	0.24	1.15	0.83	0.96	-1.64	89.09	5.57	1.80
7lj4_B	21	L	0.04	0.35	1.08	0.90	0.94	-0.51	131.17	5.52	3.80
7lj4_B	22	V	0.02	0.36	1.09	0.79	0.93	-1.14	117.15	5.49	4.20
7lj4_B	23	F	0.03	0.29	1.14	0.65	0.92	-3.27	165.19	5.52	2.80
7lj4_B	24	R	0.13	0.62	1.11	0.66	0.93	-2.46	174.20	9.75	-4.50
7lj4_B	25	A	0.08	1.44	1.08	0.72	0.96	-0.29	89.09	5.57	1.80
7lj4_B	26	L	0.05	2.57	1.03	0.86	0.99	0.54	131.17	5.52	3.80
7lj4_B	27	E	0.08	1.78	1.03	0.91	1.03	2.16	147.13	4.00	-3.50
7lj4_B	28	Q	0.16	3.06	1.03	0.88	1.06	2.67	146.15	5.52	-3.50
7lj4_B	29	P	0.09	6.42	1.02	0.93	1.07	3.23	115.13	5.96	-1.60
7lj4_B	30	H	0.16	6.42	0.99	0.98	1.06	5.40	155.16	6.74	-3.20
7lj4_B	31	E	0.09	3.75	1.02	0.97	1.06	4.59	147.13	4.00	-3.50
7lj4_B	32	Q	0.19	4.20	1.02	0.97	1.06	4.59	146.15	5.52	-3.50
7lj4_B	33	Q	0.18	6.04	0.99	0.89	1.05	4.89	146.15	5.52	-3.50
7lj4_B	34	A	0.10	6.04	0.95	0.86	1.05	5.70	89.09	5.57	1.80
7lj4_B	35	Q	0.18	2.88	1.01	0.84	1.04	3.27	146.15	5.52	-3.50
7lj4_B	36	R	0.21	1.64	0.99	0.92	1.03	3.23	174.20	9.75	-4.50
7lj4_B	37	E	0.17	2.82	0.97	0.89	1.02	3.49	147.13	4.00	-3.50
7lj4_B	38	L	0.08	1.21	1.01	0.87	1.02	2.66	131.17	5.52	3.80
7lj4_B	39	G	0.19	1.21	0.99	0.86	1.02	2.40	75.07	5.52	-0.40
7lj4_B	40	E	0.18	1.21	0.99	0.83	1.02	2.91	147.13	4.00	-3.50
7lj4_B	41	V	0.08	2.93	1.00	0.87	1.03	2.61	117.15	5.49	4.20
7lj4_B	42	R	0.14	2.56	0.98	0.87	1.03	2.61	174.20	9.75	-4.50
7lj4_B	43	E	0.22	1.22	1.03	0.73	1.03	0.49	147.13	4.00	-3.50
7lj4_B	44	K	0.14	3.22	1.04	0.76	1.01	-0.03	146.19	8.75	-3.90
7lj4_B	45	F	0.07	1.66	0.99	0.79	0.98	0.80	165.19	5.52	2.80
7lj4_B	46	L	0.07	1.30	1.02	0.79	0.96	0.50	131.17	5.52	3.80
7lj4_B	47	R	0.28	1.01	1.05	0.90	0.94	-0.31	174.20	9.75	-4.50
7lj4_B	48	A	0.12	0.62	1.12	0.92	0.93	-0.93	89.09	5.57	1.80
7lj4_B	49	H	0.18	0.56	1.16	0.91	0.93	-0.14	155.16	6.74	-3.20
7lj4_B	50	P	0.17	0.38	1.13	1.03	0.93	2.10	115.13	5.96	-1.60
7lj4_B	51	C	0.13	0.64	1.13	1.10	0.94	2.93	121.15	5.52	2.50
7lj4_B	52	V	0.05	0.81	1.12	1.15	0.97	3.49	117.15	5.49	4.20
7lj4_B	53	S	0.10	0.91	1.09	1.12	1.01	4.30	105.09	5.24	-0.80
7lj4_B	54	D	0.25	1.39	1.11	0.98	1.03	2.69	133.10	3.80	-3.50
7lj4_B	55	Q	0.25	1.86	1.04	1.04	1.05	3.30	146.15	5.52	-3.50
7lj4_B	56	E	0.10	1.14	1.02	1.05	1.03	2.51	147.13	4.00	-3.50
7lj4_B	57	L	0.08	0.56	1.05	0.93	1.00	0.27	131.17	5.52	3.80
7lj4_B	58	G	0.11	0.23	1.09	0.79	0.97	-2.30	75.07	5.52	-0.40
7lj4_B	59	L	0.17	0.26	1.08	0.79	0.95	-2.34	131.17	5.52	3.80
7lj4_B	60	L	0.05	0.55	1.08	0.79	0.95	-2.34	131.17	5.52	3.80
7lj4_B	61	I	0.06	0.42	1.10	0.78	0.96	-1.56	131.17	5.52	4.50
7lj4_B	62	K	0.17	0.51	1.13	0.65	0.98	-2.07	146.19	8.75	-3.90
7lj4_B	63	E	0.16	1.03	1.07	0.78	0.98	0.67	147.13	4.00	-3.50
7lj4_B	64	V	0.03	1.49	1.04	0.79	0.97	2.29	117.15	5.49	4.20
7lj4_B	65	A	0.07	0.61	1.06	0.80	0.96	2.11	89.09	5.57	1.80
7lj4_B	66	D	0.17	0.35	1.05	0.88	0.95	2.11	133.10	3.80	-3.50
7lj4_B	67	A	0.07	0.47	1.05	1.00	0.97	1.81	89.09	5.57	1.80
7lj4_B	68	L	0.20	0.46	0.98	1.15	1.00	3.16	131.17	5.52	3.80
7lj4_B	69	G	0.21	0.28	0.98	1.15	1.03	3.16	75.07	5.52	-0.40
7lj4_B	70	G	0.16	0.46	0.98	1.15	1.05	3.16	75.07	5.52	-0.40
7lj4_B	71	G	0.11	0.86	0.98	1.27	1.06	3.16	75.07	5.52	-0.40
7lj4_B	72	A	0.12	1.50	0.92	1.29	1.07	5.59	89.09	5.57	1.80
7lj4_B	73	D	0.20	2.19	0.93	1.21	1.07	5.51	133.10	3.80	-3.50
7lj4_B	74	P	0.15	3.83	0.95	1.13	1.08	5.56	115.13	5.96	-1.60
7lj4_B	75	E	0.21	5.08	0.97	1.11	1.09	5.67	147.13	4.00	-3.50
7lj4_B	76	T	0.14	4.39	0.95	1.15	1.10	6.11	119.12	5.19	-0.70
7lj4_B	77	Q	0.13	3.81	0.97	1.15	1.11	5.61	146.15	5.52	-3.50
7lj4_B	78	S	0.10	2.99	0.97	1.06	1.11	5.61	105.09	5.24	-0.80
7lj4_B	79	T	0.16	2.78	1.00	1.16	1.08	5.43	119.12	5.19	-0.70
7lj4_B	80	S	0.16	1.62	1.02	1.12	1.04	4.99	105.09	5.24	-0.80
7lj4_B	81	H	0.18	1.27	1.00	1.12	1.00	2.70	155.16	6.74	-3.20
7lj4_B	82	S	0.11	1.47	0.98	1.12	0.96	3.20	105.09	5.24	-0.80
7lj4_B	83	A	0.08	0.90	1.03	1.07	0.95	1.14	89.09	5.57	1.80
7lj4_B	84	W	0.10	0.66	1.01	1.09	0.94	1.03	204.23	5.52	-0.90
7lj4_B	85	D	0.12	0.66	1.00	1.16	0.96	1.66	133.10	3.80	-3.50
7lj4_B	86	L	0.03	0.66	1.00	1.05	0.98	1.03	131.17	5.52	3.80
7lj4_B	87	G	0.08	0.54	1.01	1.04	0.99	-0.59	75.07	5.52	-0.40
7lj4_B	88	S	0.07	0.28	1.04	0.99	0.99	-0.47	105.09	5.24	-0.80
7lj4_B	89	A	0.01	0.30	1.07	0.86	0.97	-3.21	89.09	5.57	1.80
7lj4_B	90	F	0.03	0.40	1.03	0.98	0.95	-0.97	165.19	5.52	2.80
7lj4_B	91	F	0.07	0.30	1.03	0.98	0.96	-0.97	165.19	5.52	2.80
7lj4_B	92	F	0.03	0.42	1.02	0.92	0.98	-1.16	165.19	5.52	2.80
7lj4_B	93	S	0.02	0.34	1.03	0.89	1.01	-2.60	105.09	5.24	-0.80
7lj4_B	94	G	0.04	0.28	1.04	0.87	1.02	-2.43	75.07	5.52	-0.40
7lj4_B	95	T	0.07	0.46	1.01	0.92	1.01	-0.37	119.12	5.19	-0.70
7lj4_B	96	I	0.03	0.50	0.99	0.97	0.99	1.69	131.17	5.52	4.50
7lj4_B	97	I	0.03	0.35	1.01	0.84	0.98	-0.39	131.17	5.52	4.50
7lj4_B	98	T	0.05	0.24	1.01	0.84	0.99	-0.39	119.12	5.19	-0.70
7lj4_B	99	T	0.10	0.54	1.04	0.86	0.99	-1.40	119.12	5.19	-0.70
7lj4_B	100	I	0.07	0.76	1.00	1.02	0.99	0.56	131.17	5.52	4.50
7lj4_B	101	G	0.10	0.85	0.95	1.17	0.99	2.70	75.07	5.52	-0.40
7lj4_B	102	Y	0.10	0.44	1.02	1.11	0.98	1.43	181.19	5.52	-1.30
7lj4_B	103	G	0.06	0.63	1.04	1.06	0.98	0.99	75.07	5.52	-0.40
7lj4_B	104	N	0.13	0.52	1.05	1.08	0.97	0.81	132.12	5.52	-3.50
7lj4_B	105	V	0.06	0.65	1.05	0.99	0.96	0.60	117.15	5.49	4.20
7lj4_B	106	A	0.09	0.95	1.02	0.97	0.96	1.61	89.09	5.57	1.80
7lj4_B	107	L	0.03	0.99	1.02	0.95	0.98	2.23	131.17	5.52	3.80
7lj4_B	108	R	0.10	1.35	1.06	0.83	1.01	1.53	174.20	9.75	-4.50
7lj4_B	109	T	0.07	1.32	0.99	0.98	1.04	2.87	119.12	5.19	-0.70
7lj4_B	110	D	0.10	3.14	0.96	1.02	1.05	3.17	133.10	3.80	-3.50
7lj4_B	111	A	0.04	1.32	0.96	1.02	1.05	3.17	89.09	5.57	1.80
7lj4_B	112	G	0.03	0.79	0.99	0.97	1.03	1.26	75.07	5.52	-0.40
7lj4_B	113	R	0.14	0.25	1.06	1.00	1.00	0.71	174.20	9.75	-4.50
7lj4_B	114	L	0.02	0.18	1.10	0.86	0.97	-1.86	131.17	5.52	3.80
7lj4_B	115	F	0.01	0.15	1.11	0.85	0.94	-3.47	165.19	5.52	2.80
7lj4_B	116	C	0.02	0.12	1.15	0.79	0.92	-4.56	121.15	5.52	2.50
7lj4_B	117	I	0.03	0.15	1.17	0.75	0.90	-4.86	131.17	5.52	4.50
7lj4_B	118	F	0.01	0.14	1.17	0.75	0.89	-4.86	165.19	5.52	2.80
7lj4_B	119	Y	0.04	0.20	1.22	0.74	0.89	-4.07	181.19	5.52	-1.30
7lj4_B	120	A	0.06	0.28	1.14	0.79	0.89	-3.46	89.09	5.57	1.80
7lj4_B	121	L	0.02	0.23	1.14	0.79	0.91	-3.46	131.17	5.52	3.80
7lj4_B	122	V	0.02	0.23	1.14	0.92	0.92	-1.84	117.15	5.49	4.20
7lj4_B	123	G	0.02	0.18	1.15	0.84	0.94	-2.89	75.07	5.52	-0.40
7lj4_B	124	I	0.03	0.19	1.15	0.83	0.95	-4.50	131.17	5.52	4.50
7lj4_B	125	P	0.07	0.26	1.10	0.97	0.95	-2.37	115.13	5.96	-1.60
7lj4_B	126	L	0.01	0.43	1.02	1.11	0.97	-0.41	131.17	5.52	3.80
7lj4_B	127	F	0.03	0.43	1.06	0.95	0.97	-2.37	165.19	5.52	2.80
7lj4_B	128	G	0.05	0.23	1.08	0.97	0.98	-2.54	75.07	5.52	-0.40
7lj4_B	129	D	0.09	0.23	1.10	0.84	0.98	-4.16	133.10	3.80	-3.50
7lj4_B	130	I	0.04	0.27	1.08	0.85	0.96	-2.54	131.17	5.52	4.50
7lj4_B	131	L	0.02	0.27	1.05	0.98	0.95	-0.41	131.17	5.52	3.80
7lj4_B	132	L	0.06	0.12	1.12	0.83	0.94	-1.76	131.17	5.52	3.80
7lj4_B	133	A	0.08	0.17	1.12	0.85	0.94	-2.37	89.09	5.57	1.80
7lj4_B	134	G	0.04	0.34	1.08	0.99	0.96	0.20	75.07	5.52	-0.40
7lj4_B	135	V	0.03	0.81	1.03	1.04	0.98	2.11	117.15	5.49	4.20
7lj4_B	136	G	0.06	0.67	1.03	1.04	1.00	2.11	75.07	5.52	-0.40
7lj4_B	137	D	0.10	0.67	1.00	1.17	1.01	2.63	133.10	3.80	-3.50
7lj4_B	138	R	0.11	1.20	1.02	1.15	1.03	2.74	174.20	9.75	-4.50
7lj4_B	139	L	0.03	1.63	0.97	1.28	1.04	4.20	131.17	5.52	3.80
7lj4_B	140	G	0.06	0.80	1.02	1.14	1.05	2.07	75.07	5.52	-0.40
7lj4_B	141	S	0.08	0.80	1.02	1.07	1.05	1.24	105.09	5.24	-0.80
7lj4_B	142	S	0.07	1.33	1.05	1.07	1.03	0.94	105.09	5.24	-0.80
7lj4_B	143	L	0.04	1.33	1.00	1.21	1.00	3.07	131.17	5.52	3.80
7lj4_B	144	R	0.18	0.69	1.04	1.05	0.97	1.11	174.20	9.75	-4.50
7lj4_B	145	H	0.15	0.51	1.02	1.07	0.96	1.00	155.16	6.74	-3.20
7lj4_B	146	G	0.05	0.84	1.03	1.00	0.95	0.37	75.07	5.52	-0.40
7lj4_B	147	I	0.06	0.30	1.02	0.99	0.95	0.54	131.17	5.52	4.50
7lj4_B	148	G	0.12	0.38	1.02	0.96	0.94	1.06	75.07	5.52	-0.40
7lj4_B	149	H	0.17	0.39	1.01	0.92	0.94	1.06	155.16	6.74	-3.20
7lj4_B	150	I	0.03	0.39	1.05	0.76	0.93	-0.90	131.17	5.52	4.50
7lj4_B	151	E	0.11	0.34	1.04	0.78	0.92	-1.07	147.13	4.00	-3.50
7lj4_B	152	A	0.23	0.21	1.10	0.64	0.92	-3.20	89.09	5.57	1.80
7lj4_B	153	I	0.10	0.59	1.07	0.65	0.93	-2.69	131.17	5.52	4.50
7lj4_B	154	F	0.06	0.36	1.03	0.72	0.94	-2.97	165.19	5.52	2.80
7lj4_B	155	L	0.21	0.49	1.07	0.75	0.95	-3.79	131.17	5.52	3.80
7lj4_B	156	K	0.29	0.51	1.11	0.73	0.95	-4.61	146.19	8.75	-3.90
7lj4_B	157	W	0.17	0.92	1.10	0.88	0.96	-3.17	204.23	5.52	-0.90
7lj4_B	158	H	0.25	1.72	1.10	1.01	0.96	-1.56	155.16	6.74	-3.20
7lj4_B	159	V	0.11	1.49	1.04	1.03	0.98	0.87	117.15	5.49	4.20
7lj4_B	160	P	0.17	1.17	1.09	0.97	1.00	-1.26	115.13	5.96	-1.60
7lj4_B	161	P	0.19	0.64	1.16	0.90	1.01	-0.36	115.13	5.96	-1.60
7lj4_B	162	E	0.19	1.68	1.12	0.90	1.00	-0.06	147.13	4.00	-3.50
7lj4_B	163	L	0.13	0.81	1.12	0.90	0.98	-0.06	131.17	5.52	3.80
7lj4_B	164	V	0.03	0.43	1.15	0.77	0.95	-1.67	117.15	5.49	4.20
7lj4_B	165	R	0.20	0.33	1.14	0.76	0.94	-1.04	174.20	9.75	-4.50
7lj4_B	166	V	0.13	0.41	1.17	0.75	0.94	-1.86	117.15	5.49	4.20
7lj4_B	167	L	0.04	0.95	1.12	0.77	0.95	0.57	131.17	5.52	3.80
7lj4_B	168	S	0.05	0.48	1.04	0.78	0.95	0.50	105.09	5.24	-0.80
7lj4_B	169	A	0.08	0.54	1.09	0.73	0.95	-1.41	89.09	5.57	1.80
7lj4_B	170	E	0.05	0.56	1.05	0.74	0.94	-2.20	147.13	4.00	-3.50
7lj4_B	171	M	0.01	0.35	1.05	0.74	0.92	-2.20	149.21	5.28	1.90
7lj4_B	172	L	0.04	0.28	1.08	0.62	0.92	-4.44	131.17	5.52	3.80
7lj4_B	173	F	0.06	0.11	1.10	0.60	0.91	-5.89	165.19	5.52	2.80
7lj4_B	174	L	0.04	0.11	1.10	0.71	0.91	-6.19	131.17	5.52	3.80
7lj4_B	175	L	0.02	0.07	1.18	0.80	0.91	-5.39	131.17	5.52	3.80
7lj4_B	176	I	0.03	0.07	1.18	0.80	0.91	-5.39	131.17	5.52	4.50
7lj4_B	177	G	0.04	0.07	1.21	0.80	0.91	-5.39	75.07	5.52	-0.40
7lj4_B	178	C	0.03	0.07	1.18	0.80	0.91	-5.39	121.15	5.52	2.50
7lj4_B	179	L	0.02	0.08	1.20	0.79	0.91	-4.60	131.17	5.52	3.80
7lj4_B	180	L	0.03	0.07	1.22	0.80	0.92	-4.77	131.17	5.52	3.80
7lj4_B	181	F	0.07	0.18	1.22	0.72	0.93	-4.84	165.19	5.52	2.80
7lj4_B	182	V	0.04	0.33	1.17	0.76	0.95	-4.74	117.15	5.49	4.20
7lj4_B	183	L	0.03	0.58	1.12	0.82	0.98	-2.69	131.17	5.52	3.80
7lj4_B	184	T	0.03	0.58	1.10	0.82	1.00	-2.69	119.12	5.19	-0.70
7lj4_B	185	P	0.09	0.58	1.14	0.80	1.01	-1.90	115.13	5.96	-1.60
7lj4_B	186	T	0.03	0.61	1.10	0.82	0.99	-2.69	119.12	5.19	-0.70
7lj4_B	187	F	0.04	0.23	1.12	0.90	0.97	-1.17	165.19	5.52	2.80
7lj4_B	188	V	0.01	0.23	1.16	0.93	0.94	-2.19	117.15	5.49	4.20
7lj4_B	189	F	0.02	0.16	1.12	0.80	0.91	-3.09	165.19	5.52	2.80
7lj4_B	190	C	0.04	0.31	1.12	0.77	0.90	-2.71	121.15	5.52	2.50
7lj4_B	191	Y	0.09	0.71	1.08	0.89	0.91	0.03	181.19	5.52	-1.30
7lj4_B	192	M	0.07	0.86	1.01	0.96	0.93	-0.87	149.21	5.28	1.90
7lj4_B	193	E	0.08	2.14	1.00	1.07	0.97	1.37	147.13	4.00	-3.50
7lj4_B	194	D	0.10	2.74	0.93	1.05	1.00	1.99	133.10	3.80	-3.50
7lj4_B	195	W	0.13	2.28	0.95	0.97	1.01	0.94	204.23	5.52	-0.90
7lj4_B	196	S	0.07	2.28	0.95	0.99	1.02	2.66	105.09	5.24	-0.80
7lj4_B	197	K	0.09	1.38	0.98	0.98	1.01	1.84	146.19	8.75	-3.90
7lj4_B	198	L	0.09	0.92	1.02	0.84	0.98	-0.73	131.17	5.52	3.80
7lj4_B	199	E	0.10	1.08	1.06	0.86	0.95	0.43	147.13	4.00	-3.50
7lj4_B	200	A	0.02	0.47	1.07	0.74	0.93	-1.81	89.09	5.57	1.80
7lj4_B	201	I	0.03	0.42	1.14	0.67	0.90	-3.16	131.17	5.52	4.50
7lj4_B	202	Y	0.11	0.17	1.12	0.65	0.89	-2.99	181.19	5.52	-1.30
7lj4_B	203	F	0.03	0.12	1.20	0.62	0.89	-4.63	165.19	5.52	2.80
7lj4_B	204	V	0.02	0.26	1.18	0.66	0.90	-4.19	117.15	5.49	4.20
7lj4_B	205	I	0.06	0.14	1.19	0.68	0.91	-4.36	131.17	5.52	4.50
7lj4_B	206	V	0.04	0.23	1.15	0.65	0.93	-3.34	117.15	5.49	4.20
7lj4_B	207	T	0.06	0.44	1.13	0.71	0.95	-1.29	119.12	5.19	-0.70
7lj4_B	208	L	0.03	0.46	1.13	0.71	0.98	-1.29	131.17	5.52	3.80
7lj4_B	209	T	0.05	0.62	1.09	0.86	1.00	0.67	119.12	5.19	-0.70
7lj4_B	210	T	0.07	0.37	1.05	0.88	1.00	-0.11	119.12	5.19	-0.70
7lj4_B	211	V	0.06	0.44	1.04	0.96	0.99	-0.04	117.15	5.49	4.20
7lj4_B	212	G	0.11	0.51	0.99	1.09	0.98	2.70	75.07	5.52	-0.40
7lj4_B	213	F	0.04	0.56	1.02	1.11	0.98	1.69	165.19	5.52	2.80
7lj4_B	214	G	0.07	0.56	1.09	1.05	0.99	0.41	75.07	5.52	-0.40
7lj4_B	215	D	0.18	0.57	1.04	1.07	0.99	1.24	133.10	3.80	-3.50
7lj4_B	216	Y	0.11	0.65	1.04	1.07	0.97	1.24	181.19	5.52	-1.30
7lj4_B	217	V	0.03	0.67	1.04	1.08	0.96	2.86	117.15	5.49	4.20
7lj4_B	218	A	0.05	0.67	1.04	1.06	0.96	3.47	89.09	5.57	1.80
7lj4_B	219	G	0.05	0.66	1.07	1.07	0.98	2.34	75.07	5.52	-0.40
7lj4_B	220	A	0.10	1.73	1.03	1.04	1.01	3.21	89.09	5.57	1.80
7lj4_B	221	D	0.11	2.97	0.97	1.11	1.04	4.60	133.10	3.80	-3.50
7lj4_B	222	P	0.14	5.01	0.95	1.23	1.06	5.73	115.13	5.96	-1.60
7lj4_B	223	R	0.16	6.65	0.97	1.21	1.08	5.84	174.20	9.75	-4.50
7lj4_B	224	Q	0.14	6.16	0.97	1.33	1.09	5.84	146.15	5.52	-3.50
7lj4_B	225	D	0.19	4.02	0.99	1.22	1.09	4.71	133.10	3.80	-3.50
7lj4_B	226	S	0.11	3.22	1.01	1.16	1.08	4.14	105.09	5.24	-0.80
7lj4_B	227	P	0.12	3.22	1.03	1.17	1.05	4.40	115.13	5.96	-1.60
7lj4_B	228	A	0.04	2.98	1.04	1.24	1.02	3.84	89.09	5.57	1.80
7lj4_B	229	Y	0.05	1.83	1.09	1.12	1.01	1.10	181.19	5.52	-1.30
7lj4_B	230	Q	0.10	0.88	1.14	0.99	1.00	-0.36	146.15	5.52	-3.50
7lj4_B	231	P	0.06	0.92	1.12	0.91	0.98	-2.09	115.13	5.96	-1.60
7lj4_B	232	L	0.01	0.51	1.12	0.90	0.96	-3.70	131.17	5.52	3.80
7lj4_B	233	V	0.03	0.31	1.08	0.87	0.92	-4.86	117.15	5.49	4.20
7lj4_B	234	W	0.06	0.14	1.10	0.80	0.89	-6.86	204.23	5.52	-0.90
7lj4_B	235	F	0.02	0.14	1.13	0.67	0.87	-8.47	165.19	5.52	2.80
7lj4_B	236	W	0.07	0.15	1.13	0.67	0.87	-8.47	204.23	5.52	-0.90
7lj4_B	237	I	0.07	0.15	1.06	0.82	0.88	-7.13	131.17	5.52	4.50
7lj4_B	238	L	0.03	0.14	1.11	0.77	0.91	-7.01	131.17	5.52	3.80
7lj4_B	239	L	0.02	0.20	1.10	0.90	0.92	-5.40	131.17	5.52	3.80
7lj4_B	240	G	0.03	0.29	1.13	0.85	0.94	-3.67	75.07	5.52	-0.40
7lj4_B	241	L	0.06	0.56	1.13	0.95	0.94	-2.80	131.17	5.52	3.80
7lj4_B	242	P	0.11	0.59	1.11	0.95	0.93	-2.80	115.13	5.96	-1.60
7lj4_B	243	A	0.03	0.60	1.08	0.96	0.92	-1.19	89.09	5.57	1.80
7lj4_B	244	Y	0.05	0.97	1.10	0.94	0.91	-1.07	181.19	5.52	-1.30
7lj4_B	245	F	0.07	0.47	1.12	0.93	0.91	-0.29	165.19	5.52	2.80
7lj4_B	246	A	0.06	0.38	1.15	0.80	0.92	-1.90	89.09	5.57	1.80
7lj4_B	247	S	0.06	0.35	1.12	0.84	0.93	-1.46	105.09	5.24	-0.80
7lj4_B	248	V	0.04	0.59	1.09	0.81	0.96	-0.44	117.15	5.49	4.20
7lj4_B	249	L	0.08	0.41	1.10	0.80	0.98	-0.27	131.17	5.52	3.80
7lj4_B	250	T	0.08	0.30	1.07	0.92	1.00	0.24	119.12	5.19	-0.70
7lj4_B	251	T	0.08	0.65	1.04	0.94	1.02	0.31	119.12	5.19	-0.70
7lj4_B	252	I	0.05	0.83	0.97	1.01	1.02	-0.59	131.17	5.52	4.50
7lj4_B	253	G	0.13	0.47	0.97	1.01	1.01	-0.59	75.07	5.52	-0.40
7lj4_B	254	N	0.15	0.64	0.96	1.01	0.99	-0.73	132.12	5.52	-3.50
7lj4_B	255	W	0.08	0.68	1.03	0.94	0.96	-2.00	204.23	5.52	-0.90
7lj4_B	256	L	0.08	0.51	1.06	0.95	0.95	-1.39	131.17	5.52	3.80
7lj4_B	257	R	0.17	0.43	1.08	0.93	0.00	-1.27	174.20	9.75	-4.50
7lj4_B	258	V	0.16	0.00	0.00	0.00	0.00	0.00	117.15	5.49	4.20
7lj4_B	259	V	0.08	0.00	0.00	0.00	0.00	0.00	117.15	5.49	4.20
7lj4_B	260	S	0.10	0.00	0.00	0.00	0.00	0.00	105.09	5.24	-0.80
