N	Id	         Method	Threshold	Avg Score	Cover	Epitope	Start	End	N-Glyc	N-Glyc-Count	N-Glyc-Motifs	Length	kDa	I.P	Avg Hydropathy	Avg Cover
1	4xak_A	   BepiPred-3.0	0.15	0.21	-	WEDGDYYRKQ	156	166	N	0	-	10	1.36	4.56	-2.63	0.76
		          Emini	1.00	3.09	0.80	..EEEEEEEE         	
		       Kolaskar	1.05	0.99	0.10	........E.         	
		    Chou Fosman	1.04	1.13	0.90	EEEEEEEE.E         	
		 Karplus Schulz	0.99	1.02	1.00	EEEEEEEEEE         	
		         Parker	1.17	3.05	1.00	EEEEEEEEEE         	
		    All matches	-	-	0.00	..........         	
		         N-Glyc	-	-	0.00	..........         	
		     Hydropathy	-	-2.63	-	----------         	
2	4ypg_D	   BepiPred-3.0	0.15	0.22	-	PQTHSLGSRR	5	15	N	0	-	10	1.14	12.00	-1.62	0.76
		          Emini	1.00	1.16	0.70	EEE...EEEE         	
		       Kolaskar	1.03	1.02	0.20	E.E.......         	
		    Chou Fosman	0.93	1.09	1.00	EEEEEEEEEE         	
		 Karplus Schulz	0.99	1.03	1.00	EEEEEEEEEE         	
		         Parker	0.92	2.41	0.90	EE.EEEEEEE         	
		    All matches	-	-	0.10	E.........         	
		         N-Glyc	-	-	0.00	..........         	
		     Hydropathy	-	-1.62	-	-----+----         	
3	7chz_I	   BepiPred-3.0	0.15	0.27	-	DPKNYPKKKMEKR	84	97	N	0	-	13	1.66	10.00	-2.85	0.68
		          Emini	1.00	3.04	0.85	EEEEEEEEEEE..         	
		       Kolaskar	1.02	0.97	0.15	.EE..........         	
		    Chou Fosman	0.99	1.06	0.62	EEEEEEEE.....         	
		 Karplus Schulz	1.01	1.04	0.92	EEEEEEEEEEEE.         	
		         Parker	1.67	3.11	0.85	EEEEEEEEEEE..         	
		    All matches	-	-	0.15	.EE..........         	
		         N-Glyc	-	-	0.00	.............         	
		     Hydropathy	-	-2.85	-	---------+---         	
4	4xak_A	   BepiPred-3.0	0.15	0.19	-	QFNYKQSFSNPT	86	98	N	0	-	12	1.46	8.59	-1.46	0.63
		          Emini	1.00	1.75	0.67	.EEEEEEEE...         	
		       Kolaskar	1.05	1.02	0.17	..........EE         	
		    Chou Fosman	1.04	1.13	0.92	E.EEEEEEEEEE         	
		 Karplus Schulz	0.99	1.02	0.83	E..EEEEEEEEE         	
		         Parker	1.17	2.05	0.58	..EE.EEEEE..         	
		    All matches	-	-	0.00	............         	
		         N-Glyc	-	-	0.00	............         	
		     Hydropathy	-	-1.46	-	-+-----+----         	
5	6y6c_A	   BepiPred-3.0	0.15	0.32	-	QSLHGSEADTLRK	91	104	N	0	-	13	1.44	6.75	-1.18	0.63
		          Emini	1.00	1.12	0.46	.....EEEEEE..         	
		       Kolaskar	1.04	1.04	0.38	EEE........EE         	
		    Chou Fosman	1.00	1.00	0.62	EEEEEEEE.....         	
		 Karplus Schulz	1.00	1.03	0.85	..EEEEEEEEEEE         	
		         Parker	1.38	2.71	0.85	EEEEEEEEEEE..         	
		    All matches	-	-	0.00	.............         	
		         N-Glyc	-	-	0.00	.............         	
		     Hydropathy	-	-1.18	-	--+----+--+--         	
6	6y6c_A	   BepiPred-3.0	0.15	0.27	-	CRQLGEKGPCQR	31	43	N	0	-	12	1.37	8.96	-1.42	0.58
		          Emini	1.00	0.96	0.42	...EEE.EE...         	
		       Kolaskar	1.04	1.04	0.42	EE.......EEE         	
		    Chou Fosman	1.00	1.06	0.67	....EEEEEEEE         	
		 Karplus Schulz	1.00	1.02	0.67	...EEEEEEEE.         	
		         Parker	1.38	2.50	0.75	...EEEEEEEEE         	
		    All matches	-	-	0.00	............         	
		         N-Glyc	-	-	0.00	............         	
		     Hydropathy	-	-1.42	-	+--+-----+--         	
7	7chz_I	   BepiPred-3.0	0.15	0.25	-	LHLQGQDMEQQ	27	38	N	0	-	11	1.33	4.35	-1.37	0.49
		          Emini	1.00	0.91	0.36	.....EEEE..         	
		       Kolaskar	1.02	1.02	0.55	EEEE.....EE         	
		    Chou Fosman	0.99	0.92	0.36	...EE.EE...         	
		 Karplus Schulz	1.01	1.03	0.64	...EEEEEEE.         	
		         Parker	1.67	2.14	0.55	....EEEEEE.         	
		    All matches	-	-	0.00	...........         	
		         N-Glyc	-	-	0.00	...........         	
		     Hydropathy	-	-1.37	-	+-+----+---         	
8	6y6c_A	   BepiPred-3.0	0.15	0.29	-	STHNLWLLSFLRRWNGS	45	62	Y	1	NGS[15:17]	17	2.09	12.00	-0.38	0.34
		          Emini	1.00	0.85	0.29	..........EEEEE..         	
		       Kolaskar	1.04	1.02	0.53	EEE.EEEEEE.......         	
		    Chou Fosman	1.00	0.97	0.41	...E.......EEEEEE         	
		 Karplus Schulz	1.00	0.98	0.29	............EEEEE         	
		         Parker	1.38	-1.26	0.18	E.............EE.         	
		    All matches	-	-	0.00	.................         	
		         N-Glyc	-	-	0.18	..............EEE         	
		     Hydropathy	-	-0.38	-	----+-++-++------         	
